frame,t_s,z_mean_m,z_min_m,z_max_m,z_std_m,n_nodes,n_all
1,1.000000e-03,4.8217773175e-02,3.2785598555e-02,5.9995382632e-02,9.3152642132e-03,290,306
2,2.000000e-03,4.8203932946e-02,3.2771758326e-02,5.9981542403e-02,9.3152642132e-03,290,306
3,3.000000e-03,4.8180890684e-02,3.2748716064e-02,5.9958500142e-02,9.3152642132e-03,290,306
4,4.000000e-03,4.8148671232e-02,3.2716496612e-02,5.9926280689e-02,9.3152642132e-03,290,306
5,5.000000e-03,4.8107303426e-02,3.2675128806e-02,5.9884912883e-02,9.3152642132e-03,290,306
6,6.000000e-03,4.8056820078e-02,3.2624645458e-02,5.9834429535e-02,9.3152642132e-03,290,306
7,7.000000e-03,4.7997257955e-02,3.2565083335e-02,5.9774867412e-02,9.3152642132e-03,290,306
8,8.000000e-03,4.7928657757e-02,3.2496483138e-02,5.9706267215e-02,9.3152642132e-03,290,306
9,9.000000e-03,4.7851064094e-02,3.2418889474e-02,5.9628673551e-02,9.3152642131e-03,290,306
10,1.000000e-02,4.7764525454e-02,3.2332350834e-02,5.9542134911e-02,9.3152642131e-03,290,306
11,1.100000e-02,4.7669094184e-02,3.2236919564e-02,5.9446703642e-02,9.3152642131e-03,290,306
12,1.200000e-02,4.7564826456e-02,3.2132651836e-02,5.9342435913e-02,9.3152642131e-03,290,306
13,1.300000e-02,4.7451782235e-02,3.2019607615e-02,5.9229391693e-02,9.3152642131e-03,290,306
14,1.400000e-02,4.7330025251e-02,3.1897850631e-02,5.9107634709e-02,9.3152642131e-03,290,306
15,1.500000e-02,4.7199622962e-02,3.1767448342e-02,5.8977232419e-02,9.3152642131e-03,290,306
16,1.600000e-02,4.7060646517e-02,3.1628471897e-02,5.8838255975e-02,9.3152642131e-03,290,306
17,1.700000e-02,4.6913170723e-02,3.1480996104e-02,5.8690780181e-02,9.3152642131e-03,290,306
18,1.800000e-02,4.6757274004e-02,3.1325099384e-02,5.8534883462e-02,9.3152642130e-03,290,306
19,1.900000e-02,4.6593038359e-02,3.1160863739e-02,5.8370647817e-02,9.3152642130e-03,290,306
20,2.000000e-02,4.6420549322e-02,3.0988374703e-02,5.8198158780e-02,9.3152642130e-03,290,306
21,2.100000e-02,4.6239895922e-02,3.0807721302e-02,5.8017505380e-02,9.3152642130e-03,290,306
22,2.200000e-02,4.6051170630e-02,3.0618996011e-02,5.7828780088e-02,9.3152642130e-03,290,306
23,2.300000e-02,4.5854469322e-02,3.0422294703e-02,5.7632078780e-02,9.3152642130e-03,290,306
24,2.400000e-02,4.5649891225e-02,3.0217716606e-02,5.7427500683e-02,9.3152642129e-03,290,306
25,2.500000e-02,4.5437538871e-02,3.0005364252e-02,5.7215148329e-02,9.3152642129e-03,290,306
26,2.600000e-02,4.5217518046e-02,2.9785343427e-02,5.6995127504e-02,9.3152642129e-03,290,306
27,2.700000e-02,4.4989937737e-02,2.9557763118e-02,5.6767547196e-02,9.3152642129e-03,290,306
28,2.800000e-02,4.4754910083e-02,2.9322735464e-02,5.6532519541e-02,9.3152642129e-03,290,306
29,2.900000e-02,4.4512550314e-02,2.9080375695e-02,5.6290159772e-02,9.3152642128e-03,290,306
30,3.000000e-02,4.4262976702e-02,2.8830802083e-02,5.6040586160e-02,9.3152642128e-03,290,306
31,3.100000e-02,4.4006310500e-02,2.8574135881e-02,5.5783919959e-02,9.3152642128e-03,290,306
32,3.200000e-02,4.3742675887e-02,2.8310501268e-02,5.5520285345e-02,9.3152642128e-03,290,306
33,3.300000e-02,4.3472199904e-02,2.8040025285e-02,5.5249809363e-02,9.3152642127e-03,290,306
34,3.400000e-02,4.3195012400e-02,2.7762837781e-02,5.4972621858e-02,9.3152642127e-03,290,306
35,3.500000e-02,4.2911245964e-02,2.7479071345e-02,5.4688855423e-02,9.3152642127e-03,290,306
36,3.600000e-02,4.2621035868e-02,2.7188861249e-02,5.4398645327e-02,9.3152642127e-03,290,306
37,3.700000e-02,4.2324519998e-02,2.6892345379e-02,5.4102129457e-02,9.3152642126e-03,290,306
38,3.800000e-02,4.2021838794e-02,2.6589664175e-02,5.3799448253e-02,9.3152642126e-03,290,306
39,3.900000e-02,4.1713135180e-02,2.6280960562e-02,5.3490744639e-02,9.3152642126e-03,290,306
40,4.000000e-02,4.1398554502e-02,2.5966379883e-02,5.3176163961e-02,9.3152642126e-03,290,306
41,4.100000e-02,4.1078244453e-02,2.5646069835e-02,5.2855853913e-02,9.3152642125e-03,290,306
42,4.200000e-02,4.0752355014e-02,2.5320180396e-02,5.2529964473e-02,9.3152642125e-03,290,306
43,4.300000e-02,4.0421038374e-02,2.4988863756e-02,5.2198647833e-02,9.3152642125e-03,290,306
44,4.400000e-02,4.0084448868e-02,2.4652274250e-02,5.1862058328e-02,9.3152642124e-03,290,306
45,4.500000e-02,3.9742742902e-02,2.4310568284e-02,5.1520352361e-02,9.3152642124e-03,290,306
46,4.600000e-02,3.9396078879e-02,2.3963904262e-02,5.1173688339e-02,9.3152642124e-03,290,306
47,4.700000e-02,3.9044617132e-02,2.3612442514e-02,5.0822226592e-02,9.3152642123e-03,290,306
48,4.800000e-02,3.8688519844e-02,2.3256345226e-02,5.0466129304e-02,9.3152642123e-03,290,306
49,4.900000e-02,3.8327950978e-02,2.2895776360e-02,5.0105560438e-02,9.3152642123e-03,290,306
50,5.000000e-02,3.7963076200e-02,2.2530901583e-02,4.9740685660e-02,9.3152642122e-03,290,306
51,5.100000e-02,3.7594062805e-02,2.2161888188e-02,4.9371672266e-02,9.3152642122e-03,290,306
52,5.200000e-02,3.7221079640e-02,2.1788905023e-02,4.8998689101e-02,9.3152642122e-03,290,306
53,5.300000e-02,3.6844297027e-02,2.1412122410e-02,4.8621906487e-02,9.3152642121e-03,290,306
54,5.400000e-02,3.6463886685e-02,2.1031712068e-02,4.8241496145e-02,9.3152642121e-03,290,306
55,5.500000e-02,3.6080021654e-02,2.0647847038e-02,4.7857631115e-02,9.3152642121e-03,290,306
56,5.600000e-02,3.5692876218e-02,2.0260701602e-02,4.7470485679e-02,9.3152642120e-03,290,306
57,5.700000e-02,3.5302625823e-02,1.9870451206e-02,4.7080235284e-02,9.3152642120e-03,290,306
58,5.800000e-02,3.4909446998e-02,1.9477272382e-02,4.6687056459e-02,9.3152642120e-03,290,306
59,5.900000e-02,3.4513517280e-02,1.9081342664e-02,4.6291126741e-02,9.3152642119e-03,290,306
60,6.000000e-02,3.4115015130e-02,1.8682840513e-02,4.5892624591e-02,9.3152642119e-03,290,306
61,6.100000e-02,3.3714119854e-02,1.8281945238e-02,4.5491729315e-02,9.3152642119e-03,290,306
62,6.200000e-02,3.3311011526e-02,1.7878836910e-02,4.5088620987e-02,9.3152642118e-03,290,306
63,6.300000e-02,3.2905870902e-02,1.7473696286e-02,4.4683480364e-02,9.3152642118e-03,290,306
64,6.400000e-02,3.2498879345e-02,1.7066704729e-02,4.4276488806e-02,9.3152642118e-03,290,306
65,6.500000e-02,3.2090218740e-02,1.6658044124e-02,4.3867828201e-02,9.3152642117e-03,290,306
66,6.600000e-02,3.1680071415e-02,1.6247896800e-02,4.3457680877e-02,9.3152642117e-03,290,306
67,6.700000e-02,3.1268620063e-02,1.5836445447e-02,4.3046229525e-02,9.3152642116e-03,290,306
68,6.800000e-02,3.0856047653e-02,1.5423873038e-02,4.2633657116e-02,9.3152642116e-03,290,306
69,6.900000e-02,3.0442537360e-02,1.5010362745e-02,4.2220146822e-02,9.3152642116e-03,290,306
70,7.000000e-02,3.0028272474e-02,1.4596097859e-02,4.1805881937e-02,9.3152642115e-03,290,306
71,7.100000e-02,2.9613436327e-02,1.4181261712e-02,4.1391045789e-02,9.3152642115e-03,290,306
72,7.200000e-02,2.9198212206e-02,1.3766037591e-02,4.0975821669e-02,9.3152642115e-03,290,306
73,7.300000e-02,2.8782783278e-02,1.3350608663e-02,4.0560392741e-02,9.3152642114e-03,290,306
74,7.400000e-02,2.8367332506e-02,1.2935157891e-02,4.0144941969e-02,9.3152642114e-03,290,306
75,7.500000e-02,2.7952042571e-02,1.2519867956e-02,3.9729652034e-02,9.3152642113e-03,290,306
76,7.600000e-02,2.7537095790e-02,1.2104921175e-02,3.9314705253e-02,9.3152642113e-03,290,306
77,7.700000e-02,2.7122674038e-02,1.1690499424e-02,3.8900283501e-02,9.3152642113e-03,290,306
78,7.800000e-02,2.6708958669e-02,1.1276784055e-02,3.8486568133e-02,9.3152642112e-03,290,306
79,7.900000e-02,2.6296130437e-02,1.0863955823e-02,3.8073739901e-02,9.3152642112e-03,290,306
80,8.000000e-02,2.5884369416e-02,1.0452194802e-02,3.7661978879e-02,9.3152642112e-03,290,306
81,8.100000e-02,2.5473854923e-02,1.0041680309e-02,3.7251464386e-02,9.3152642111e-03,290,306
82,8.200000e-02,2.5064765439e-02,9.6325908255e-03,3.6842374903e-02,9.3152642111e-03,290,306
83,8.300000e-02,2.4657278537e-02,9.2251039235e-03,3.6434888001e-02,9.3152642110e-03,290,306
84,8.400000e-02,2.4251570798e-02,8.8193961846e-03,3.6029180262e-02,9.3152642110e-03,290,306
85,8.500000e-02,2.3847817740e-02,8.4156431268e-03,3.5625427204e-02,9.3152642110e-03,290,306
86,8.600000e-02,2.3446193741e-02,8.0140191277e-03,3.5223803205e-02,9.3152642109e-03,290,306
87,8.700000e-02,2.3046871964e-02,7.6146973504e-03,3.4824481428e-02,9.3152642109e-03,290,306
88,8.800000e-02,2.2650024282e-02,7.2178496689e-03,3.4427633746e-02,9.3152642109e-03,290,306
89,8.900000e-02,2.2255821208e-02,6.8236465949e-03,3.4033430672e-02,9.3152642108e-03,290,306
90,9.000000e-02,2.1864431818e-02,6.4322572046e-03,3.3642041282e-02,9.3152642108e-03,290,306
91,9.100000e-02,2.1476023680e-02,6.0438490672e-03,3.3253633145e-02,9.3152642108e-03,290,306
92,9.200000e-02,2.1090762786e-02,5.6585881729e-03,3.2868372250e-02,9.3152642107e-03,290,306
93,9.300000e-02,2.0708813476e-02,5.2766388635e-03,3.2486422941e-02,9.3152642107e-03,290,306
94,9.400000e-02,2.0330338374e-02,4.8981637616e-03,3.2107947839e-02,9.3152642106e-03,290,306
95,9.500000e-02,1.9955498315e-02,4.5233237028e-03,3.1733107780e-02,9.3152642106e-03,290,306
96,9.600000e-02,1.9584452280e-02,4.1522776675e-03,3.1362061745e-02,9.3152642106e-03,290,306
97,9.700000e-02,1.9217357326e-02,3.7851827137e-03,3.0994966791e-02,9.3152642105e-03,290,306
98,9.800000e-02,1.8854368524e-02,3.4221939115e-03,3.0631977989e-02,9.3152642105e-03,290,306
99,9.900000e-02,1.8495638890e-02,3.0634642778e-03,3.0273248355e-02,9.3152642105e-03,290,306
100,1.000000e-01,1.8141319324e-02,2.7091447125e-03,2.9918928790e-02,9.3152642104e-03,290,306
101,1.010000e-01,1.7791558547e-02,2.3593839353e-03,2.9569168013e-02,9.3152642104e-03,290,306
102,1.020000e-01,1.7446503036e-02,2.0143284240e-03,2.9224112501e-02,9.3152642104e-03,290,306
103,1.030000e-01,1.7106296966e-02,1.6741223538e-03,2.8883906431e-02,9.3152642104e-03,290,306
104,1.040000e-01,1.6771082149e-02,1.3389075372e-03,2.8548691615e-02,9.3152642103e-03,290,306
105,1.050000e-01,1.6440997977e-02,1.0088233657e-03,2.8218607443e-02,9.3152642103e-03,290,306
106,1.060000e-01,1.6116181364e-02,6.8400675260e-04,2.7893790830e-02,9.3152642103e-03,290,306
107,1.070000e-01,1.5796766688e-02,3.6459207620e-04,2.7574376154e-02,9.3152642102e-03,290,306
108,1.080000e-01,1.5482885736e-02,5.0711125200e-05,2.7260495203e-02,9.3152642102e-03,290,306
109,1.090000e-01,1.5174667656e-02,-2.5750695500e-04,2.6952277122e-02,9.3152642102e-03,290,306
110,1.100000e-01,1.4872238896e-02,-5.5993571520e-04,2.6649848362e-02,9.3152642102e-03,290,306
111,1.110000e-01,1.4575723157e-02,-8.5645145370e-04,2.6353332624e-02,9.3152642101e-03,290,306
112,1.120000e-01,1.4285241345e-02,-1.1469332658e-03,2.6062850812e-02,9.3152642101e-03,290,306
113,1.130000e-01,1.4000911518e-02,-1.4312630929e-03,2.5778520985e-02,9.3152642101e-03,290,306
114,1.140000e-01,1.3722848841e-02,-1.7093257700e-03,2.5500458307e-02,9.3152642100e-03,290,306
115,1.150000e-01,1.3451165540e-02,-1.9810090710e-03,2.5228775006e-02,9.3152642100e-03,290,306
116,1.160000e-01,1.3185970856e-02,-2.2462037542e-03,2.4963580323e-02,9.3152642100e-03,290,306
117,1.170000e-01,1.2927371006e-02,-2.5048036050e-03,2.4704980472e-02,9.3152642100e-03,290,306
118,1.180000e-01,1.2675469133e-02,-2.7567054779e-03,2.4453078600e-02,9.3152642100e-03,290,306
119,1.190000e-01,1.2430365274e-02,-3.0018093369e-03,2.4207974741e-02,9.3152642099e-03,290,306
120,1.200000e-01,1.2192156316e-02,-3.2400182947e-03,2.3969765783e-02,9.3152642099e-03,290,306
121,1.210000e-01,1.1960935960e-02,-3.4712386499e-03,2.3738545428e-02,9.3152642099e-03,290,306
122,1.220000e-01,1.1736794687e-02,-3.6953799236e-03,2.3514404154e-02,9.3152642099e-03,290,306
123,1.230000e-01,1.1519819717e-02,-3.9123548934e-03,2.3297429184e-02,9.3152642098e-03,290,306
124,1.240000e-01,1.1310094983e-02,-4.1220796272e-03,2.3087704450e-02,9.3152642098e-03,290,306
125,1.250000e-01,1.1107701096e-02,-4.3244735143e-03,2.2885310563e-02,9.3152642098e-03,290,306
126,1.260000e-01,1.0912715314e-02,-4.5194592959e-03,2.2690324782e-02,9.3152642098e-03,290,306
127,1.270000e-01,1.0725211517e-02,-4.7069630935e-03,2.2502820984e-02,9.3152642098e-03,290,306
128,1.280000e-01,1.0545260174e-02,-4.8869144359e-03,2.2322869642e-02,9.3152642098e-03,290,306
129,1.290000e-01,1.0372928325e-02,-5.0592462852e-03,2.2150537792e-02,9.3152642097e-03,290,306
130,1.300000e-01,1.0208279550e-02,-5.2238950600e-03,2.1985889017e-02,9.3152642097e-03,290,306
131,1.310000e-01,1.0051373951e-02,-5.3808006586e-03,2.1828983419e-02,9.3152642097e-03,290,306
132,1.320000e-01,9.9022681303e-03,-5.5299064795e-03,2.1679877598e-02,9.3152642097e-03,290,306
133,1.330000e-01,9.7610151692e-03,-5.6711594406e-03,2.1538624637e-02,9.3152642097e-03,290,306
134,1.340000e-01,9.6276646127e-03,-5.8045099971e-03,2.1405274080e-02,9.3152642097e-03,290,306
135,1.350000e-01,9.5022624521e-03,-5.9299121576e-03,2.1279871920e-02,9.3152642097e-03,290,306
136,1.360000e-01,9.3848511111e-03,-6.0473234986e-03,2.1162460579e-02,9.3152642097e-03,290,306
137,1.370000e-01,9.2754694325e-03,-6.1567051772e-03,2.1053078900e-02,9.3152642096e-03,290,306
138,1.380000e-01,9.1741526665e-03,-6.2580219431e-03,2.0951762134e-02,9.3152642096e-03,290,306
139,1.390000e-01,9.0809324620e-03,-6.3512421476e-03,2.0858541930e-02,9.3152642096e-03,290,306
140,1.400000e-01,8.9958368572e-03,-6.4363377524e-03,2.0773446325e-02,9.3152642096e-03,290,306
141,1.410000e-01,8.9188902740e-03,-6.5132843356e-03,2.0696499742e-02,9.3152642096e-03,290,306
142,1.420000e-01,8.8501135126e-03,-6.5820610970e-03,2.0627722980e-02,9.3152642096e-03,290,306
143,1.430000e-01,8.7895237481e-03,-6.6426508614e-03,2.0567133216e-02,9.3152642096e-03,290,306
144,1.440000e-01,8.7371345290e-03,-6.6950400805e-03,2.0514743997e-02,9.3152642096e-03,290,306
145,1.450000e-01,8.6929557771e-03,-6.7392188324e-03,2.0470565245e-02,9.3152642096e-03,290,306
146,1.460000e-01,8.6569937883e-03,-6.7751808212e-03,2.0434603256e-02,9.3152642096e-03,290,306
147,1.470000e-01,8.6292512364e-03,-6.8029233731e-03,2.0406860704e-02,9.3152642096e-03,290,306
148,1.480000e-01,8.6097271774e-03,-6.8224474321e-03,2.0387336645e-02,9.3152642096e-03,290,306
149,1.490000e-01,8.5984170556e-03,-6.8337575539e-03,2.0376026524e-02,9.3152642096e-03,290,306
150,1.500000e-01,8.5953127115e-03,-6.8368618980e-03,2.0372922179e-02,9.3152642096e-03,290,306
151,1.510000e-01,8.6004023911e-03,-6.8317722184e-03,2.0378011859e-02,9.3152642096e-03,290,306
152,1.520000e-01,8.6136707569e-03,-6.8185038526e-03,2.0391280225e-02,9.3152642096e-03,290,306
153,1.530000e-01,8.6350989002e-03,-6.7970757093e-03,2.0412708368e-02,9.3152642096e-03,290,306
154,1.540000e-01,8.6646643553e-03,-6.7675102542e-03,2.0442273823e-02,9.3152642096e-03,290,306
155,1.550000e-01,8.7023411150e-03,-6.7298334945e-03,2.0479950583e-02,9.3152642096e-03,290,306
156,1.560000e-01,8.7480996478e-03,-6.6840749617e-03,2.0525709116e-02,9.3152642096e-03,290,306
157,1.570000e-01,8.8019069161e-03,-6.6302676934e-03,2.0579516384e-02,9.3152642096e-03,290,306
158,1.580000e-01,8.8637263971e-03,-6.5684482125e-03,2.0641335865e-02,9.3152642096e-03,290,306
159,1.590000e-01,8.9335181033e-03,-6.4986565063e-03,2.0711127571e-02,9.3152642096e-03,290,306
160,1.600000e-01,9.0112386069e-03,-6.4209360027e-03,2.0788848075e-02,9.3152642096e-03,290,306
161,1.610000e-01,9.0968410635e-03,-6.3353335461e-03,2.0874450531e-02,9.3152642096e-03,290,306
162,1.620000e-01,9.1902752384e-03,-6.2418993712e-03,2.0967884706e-02,9.3152642096e-03,290,306
163,1.630000e-01,9.2914875344e-03,-6.1406870753e-03,2.1069097002e-02,9.3152642096e-03,290,306
164,1.640000e-01,9.4004210201e-03,-6.0317535896e-03,2.1178030488e-02,9.3152642097e-03,290,306
165,1.650000e-01,9.5170154609e-03,-5.9151591488e-03,2.1294624929e-02,9.3152642097e-03,290,306
166,1.660000e-01,9.6412073505e-03,-5.7909672593e-03,2.1418816818e-02,9.3152642097e-03,290,306
167,1.670000e-01,9.7729299437e-03,-5.6592446661e-03,2.1550539411e-02,9.3152642097e-03,290,306
168,1.680000e-01,9.9121132918e-03,-5.5200613180e-03,2.1689722759e-02,9.3152642097e-03,290,306
169,1.690000e-01,1.0058684278e-02,-5.3734903323e-03,2.1836293745e-02,9.3152642097e-03,290,306
170,1.700000e-01,1.0212566653e-02,-5.2196079570e-03,2.1990176120e-02,9.3152642097e-03,290,306
171,1.710000e-01,1.0373681077e-02,-5.0584935326e-03,2.2151290545e-02,9.3152642097e-03,290,306
172,1.720000e-01,1.0541945158e-02,-4.8902294522e-03,2.2319554625e-02,9.3152642098e-03,290,306
173,1.730000e-01,1.0717273490e-02,-4.7149011203e-03,2.2494882957e-02,9.3152642098e-03,290,306
174,1.740000e-01,1.0899577699e-02,-4.5325969108e-03,2.2677187167e-02,9.3152642098e-03,290,306
175,1.750000e-01,1.1088766487e-02,-4.3434081228e-03,2.2866375955e-02,9.3152642098e-03,290,306
176,1.760000e-01,1.1284745674e-02,-4.1474289363e-03,2.3062355141e-02,9.3152642098e-03,290,306
177,1.770000e-01,1.1487418244e-02,-3.9447563661e-03,2.3265027711e-02,9.3152642098e-03,290,306
178,1.780000e-01,1.1696684396e-02,-3.7354902143e-03,2.3474293863e-02,9.3152642099e-03,290,306
179,1.790000e-01,1.1912441588e-02,-3.5197330223e-03,2.3690051055e-02,9.3152642099e-03,290,306
180,1.800000e-01,1.2134584589e-02,-3.2975900213e-03,2.3912194056e-02,9.3152642099e-03,290,306
181,1.810000e-01,1.2363005529e-02,-3.0691690816e-03,2.4140614996e-02,9.3152642099e-03,290,306
182,1.820000e-01,1.2597593950e-02,-2.8345806610e-03,2.4375203416e-02,9.3152642099e-03,290,306
183,1.830000e-01,1.2838236858e-02,-2.5939377523e-03,2.4615846325e-02,9.3152642100e-03,290,306
184,1.840000e-01,1.3084818782e-02,-2.3473558291e-03,2.4862428248e-02,9.3152642100e-03,290,306
185,1.850000e-01,1.3337221819e-02,-2.0949527916e-03,2.5114831286e-02,9.3152642100e-03,290,306
186,1.860000e-01,1.3595325700e-02,-1.8368489107e-03,2.5372935167e-02,9.3152642100e-03,290,306
187,1.870000e-01,1.3859007840e-02,-1.5731667710e-03,2.5636617306e-02,9.3152642101e-03,290,306
188,1.880000e-01,1.4128143397e-02,-1.3040312140e-03,2.5905752863e-02,9.3152642101e-03,290,306
189,1.890000e-01,1.4402605333e-02,-1.0295692785e-03,2.6180214799e-02,9.3152642101e-03,290,306
190,1.900000e-01,1.4682264469e-02,-7.4991014240e-04,2.6459873935e-02,9.3152642101e-03,290,306
191,1.910000e-01,1.4966989550e-02,-4.6518506150e-04,2.6744599016e-02,9.3152642102e-03,290,306
192,1.920000e-01,1.5256647302e-02,-1.7552730930e-04,2.7034256768e-02,9.3152642102e-03,290,306
193,1.930000e-01,1.5551102497e-02,1.1892788560e-04,2.7328711963e-02,9.3152642102e-03,290,306
194,1.940000e-01,1.5850218013e-02,4.1804340130e-04,2.7627827479e-02,9.3152642102e-03,290,306
195,1.950000e-01,1.6153854898e-02,7.2168028650e-04,2.7931464364e-02,9.3152642103e-03,290,306
196,1.960000e-01,1.6461872436e-02,1.0296978245e-03,2.8239481902e-02,9.3152642103e-03,290,306
197,1.970000e-01,1.6774128209e-02,1.3419535972e-03,2.8551737675e-02,9.3152642103e-03,290,306
198,1.980000e-01,1.7090478163e-02,1.6583035513e-03,2.8868087629e-02,9.3152642104e-03,290,306
199,1.990000e-01,1.7410776676e-02,1.9786020638e-03,2.9188386141e-02,9.3152642104e-03,290,306
200,2.000000e-01,1.7734876620e-02,2.3027020085e-03,2.9512486086e-02,9.3152642104e-03,290,306
201,2.010000e-01,1.8062629435e-02,2.6304548233e-03,2.9840238901e-02,9.3152642104e-03,290,306
202,2.020000e-01,1.8393885190e-02,2.9617105776e-03,3.0171494655e-02,9.3152642105e-03,290,306
203,2.030000e-01,1.8728492653e-02,3.2963180406e-03,3.0506102118e-02,9.3152642105e-03,290,306
204,2.040000e-01,1.9066299362e-02,3.6341247495e-03,3.0843908827e-02,9.3152642105e-03,290,306
205,2.050000e-01,1.9407151691e-02,3.9749770791e-03,3.1184761157e-02,9.3152642106e-03,290,306
206,2.060000e-01,1.9750894923e-02,4.3187203106e-03,3.1528504388e-02,9.3152642106e-03,290,306
207,2.070000e-01,2.0097373314e-02,4.6651987018e-03,3.1874982779e-02,9.3152642106e-03,290,306
208,2.080000e-01,2.0446430170e-02,5.0142555569e-03,3.2224039634e-02,9.3152642107e-03,290,306
209,2.090000e-01,2.0797907910e-02,5.3657332970e-03,3.2575517374e-02,9.3152642107e-03,290,306
210,2.100000e-01,2.1151648144e-02,5.7194735310e-03,3.2929257608e-02,9.3152642107e-03,290,306
211,2.110000e-01,2.1507491739e-02,6.0753171262e-03,3.3285101204e-02,9.3152642108e-03,290,306
212,2.120000e-01,2.1865278893e-02,6.4331042796e-03,3.3642888357e-02,9.3152642108e-03,290,306
213,2.130000e-01,2.2224849202e-02,6.7926745894e-03,3.4002458667e-02,9.3152642108e-03,290,306
214,2.140000e-01,2.2586041739e-02,7.1538671261e-03,3.4363651204e-02,9.3152642109e-03,290,306
215,2.150000e-01,2.2948695118e-02,7.5165205044e-03,3.4726304582e-02,9.3152642109e-03,290,306
216,2.160000e-01,2.3312647568e-02,7.8804729549e-03,3.5090257032e-02,9.3152642109e-03,290,306
217,2.170000e-01,2.3677737009e-02,8.2455623954e-03,3.5455346473e-02,9.3152642110e-03,290,306
218,2.180000e-01,2.4043801117e-02,8.6116265032e-03,3.5821410581e-02,9.3152642110e-03,290,306
219,2.190000e-01,2.4410677400e-02,8.9785027866e-03,3.6188286864e-02,9.3152642110e-03,290,306
220,2.200000e-01,2.4778203270e-02,9.3460286566e-03,3.6555812734e-02,9.3152642111e-03,290,306
221,2.210000e-01,2.5146216112e-02,9.7140414984e-03,3.6923825576e-02,9.3152642111e-03,290,306
222,2.220000e-01,2.5514553357e-02,1.0082378743e-02,3.7292162821e-02,9.3152642111e-03,290,306
223,2.230000e-01,2.5883052554e-02,1.0450877940e-02,3.7660662017e-02,9.3152642112e-03,290,306
224,2.240000e-01,2.6251551439e-02,1.0819376825e-02,3.8029160903e-02,9.3152642112e-03,290,306
225,2.250000e-01,2.6619888010e-02,1.1187713396e-02,3.8397497473e-02,9.3152642112e-03,290,306
226,2.260000e-01,2.6987900593e-02,1.1555725978e-02,3.8765510056e-02,9.3152642113e-03,290,306
227,2.270000e-01,2.7355427915e-02,1.1923253301e-02,3.9133037378e-02,9.3152642113e-03,290,306
228,2.280000e-01,2.7722309177e-02,1.2290134562e-02,3.9499918640e-02,9.3152642113e-03,290,306
229,2.290000e-01,2.8088384117e-02,1.2656209503e-02,3.9865993580e-02,9.3152642114e-03,290,306
230,2.300000e-01,2.8453493088e-02,1.3021318473e-02,4.0231102551e-02,9.3152642114e-03,290,306
231,2.310000e-01,2.8817477119e-02,1.3385302504e-02,4.0595086582e-02,9.3152642114e-03,290,306
232,2.320000e-01,2.9180177990e-02,1.3748003375e-02,4.0957787453e-02,9.3152642115e-03,290,306
233,2.330000e-01,2.9541438298e-02,1.4109263683e-02,4.1319047760e-02,9.3152642115e-03,290,306
234,2.340000e-01,2.9901101523e-02,1.4468926908e-02,4.1678710986e-02,9.3152642115e-03,290,306
235,2.350000e-01,3.0259012101e-02,1.4826837485e-02,4.2036621563e-02,9.3152642115e-03,290,306
236,2.360000e-01,3.0615015483e-02,1.5182840867e-02,4.2392624945e-02,9.3152642116e-03,290,306
237,2.370000e-01,3.0968958208e-02,1.5536783593e-02,4.2746567670e-02,9.3152642116e-03,290,306
238,2.380000e-01,3.1320687966e-02,1.5888513351e-02,4.3098297428e-02,9.3152642116e-03,290,306
239,2.390000e-01,3.1670053664e-02,1.6237879049e-02,4.3447663126e-02,9.3152642117e-03,290,306
240,2.400000e-01,3.2016905488e-02,1.6584730873e-02,4.3794514950e-02,9.3152642117e-03,290,306
241,2.410000e-01,3.2361094971e-02,1.6928920355e-02,4.4138704433e-02,9.3152642117e-03,290,306
242,2.420000e-01,3.2702475052e-02,1.7270300436e-02,4.4480084513e-02,9.3152642118e-03,290,306
243,2.430000e-01,3.3040900140e-02,1.7608725524e-02,4.4818509601e-02,9.3152642118e-03,290,306
244,2.440000e-01,3.3376226177e-02,1.7944051561e-02,4.5153835639e-02,9.3152642118e-03,290,306
245,2.450000e-01,3.3708310699e-02,1.8276136083e-02,4.5485920160e-02,9.3152642119e-03,290,306
246,2.460000e-01,3.4037012891e-02,1.8604838275e-02,4.5814622353e-02,9.3152642119e-03,290,306
247,2.470000e-01,3.4362193655e-02,1.8930019038e-02,4.6139803116e-02,9.3152642119e-03,290,306
248,2.480000e-01,3.4683715658e-02,1.9251541042e-02,4.6461325119e-02,9.3152642119e-03,290,306
249,2.490000e-01,3.5001443400e-02,1.9569268783e-02,4.6779052861e-02,9.3152642120e-03,290,306
250,2.500000e-01,3.5315243263e-02,1.9883068646e-02,4.7092852724e-02,9.3152642120e-03,290,306
251,2.510000e-01,3.5624983570e-02,2.0192808953e-02,4.7402593030e-02,9.3152642120e-03,290,306
252,2.520000e-01,3.5930534639e-02,2.0498360022e-02,4.7708144100e-02,9.3152642121e-03,290,306
253,2.530000e-01,3.6231768838e-02,2.0799594221e-02,4.8009378299e-02,9.3152642121e-03,290,306
254,2.540000e-01,3.6528560636e-02,2.1096386019e-02,4.8306170097e-02,9.3152642121e-03,290,306
255,2.550000e-01,3.6820786656e-02,2.1388612039e-02,4.8598396117e-02,9.3152642121e-03,290,306
256,2.560000e-01,3.7108325726e-02,2.1676151109e-02,4.8885935186e-02,9.3152642122e-03,290,306
257,2.570000e-01,3.7391058927e-02,2.1958884310e-02,4.9168668387e-02,9.3152642122e-03,290,306
258,2.580000e-01,3.7668869644e-02,2.2236695026e-02,4.9446479104e-02,9.3152642122e-03,290,306
259,2.590000e-01,3.7941643611e-02,2.2509468994e-02,4.9719253072e-02,9.3152642122e-03,290,306
260,2.600000e-01,3.8209268962e-02,2.2777094345e-02,4.9986878422e-02,9.3152642123e-03,290,306
261,2.610000e-01,3.8471636271e-02,2.3039461654e-02,5.0249245731e-02,9.3152642123e-03,290,306
262,2.620000e-01,3.8728638599e-02,2.3296463981e-02,5.0506248059e-02,9.3152642123e-03,290,306
263,2.630000e-01,3.8980171536e-02,2.3547996918e-02,5.0757780996e-02,9.3152642123e-03,290,306
264,2.640000e-01,3.9226133244e-02,2.3793958627e-02,5.1003742704e-02,9.3152642124e-03,290,306
265,2.650000e-01,3.9466424498e-02,2.4034249881e-02,5.1244033958e-02,9.3152642124e-03,290,306
266,2.660000e-01,3.9700948724e-02,2.4268774106e-02,5.1478558184e-02,9.3152642124e-03,290,306
267,2.670000e-01,3.9929612037e-02,2.4497437419e-02,5.1707221496e-02,9.3152642124e-03,290,306
268,2.680000e-01,4.0152323278e-02,2.4720148661e-02,5.1929932738e-02,9.3152642124e-03,290,306
269,2.690000e-01,4.0368994054e-02,2.4936819436e-02,5.2146603514e-02,9.3152642125e-03,290,306
270,2.700000e-01,4.0579538765e-02,2.5147364147e-02,5.2357148225e-02,9.3152642125e-03,290,306
271,2.710000e-01,4.0783874643e-02,2.5351700026e-02,5.2561484103e-02,9.3152642125e-03,290,306
272,2.720000e-01,4.0981921782e-02,2.5549747164e-02,5.2759531242e-02,9.3152642125e-03,290,306
273,2.730000e-01,4.1173603168e-02,2.5741428550e-02,5.2951212627e-02,9.3152642125e-03,290,306
274,2.740000e-01,4.1358844708e-02,2.5926670090e-02,5.3136454168e-02,9.3152642126e-03,290,306
275,2.750000e-01,4.1537575261e-02,2.6105400642e-02,5.3315184720e-02,9.3152642126e-03,290,306
276,2.760000e-01,4.1709726658e-02,2.6277552040e-02,5.3487336118e-02,9.3152642126e-03,290,306
277,2.770000e-01,4.1875233737e-02,2.6443059118e-02,5.3652843196e-02,9.3152642126e-03,290,306
278,2.780000e-01,4.2034034355e-02,2.6601859737e-02,5.3811643815e-02,9.3152642126e-03,290,306
279,2.790000e-01,4.2186069423e-02,2.6753894805e-02,5.3963678882e-02,9.3152642126e-03,290,306
280,2.800000e-01,4.2331282916e-02,2.6899108297e-02,5.4108892375e-02,9.3152642126e-03,290,306
281,2.810000e-01,4.2469621899e-02,2.7037447281e-02,5.4247231358e-02,9.3152642127e-03,290,306
282,2.820000e-01,4.2601036545e-02,2.7168861927e-02,5.4378646004e-02,9.3152642127e-03,290,306
283,2.830000e-01,4.2725480150e-02,2.7293305531e-02,5.4503089609e-02,9.3152642127e-03,290,306
284,2.840000e-01,4.2842909149e-02,2.7410734530e-02,5.4620518608e-02,9.3152642127e-03,290,306
285,2.850000e-01,4.2953283131e-02,2.7521108512e-02,5.4730892590e-02,9.3152642127e-03,290,306
286,2.860000e-01,4.3056564851e-02,2.7624390232e-02,5.4834174309e-02,9.3152642127e-03,290,306
287,2.870000e-01,4.3152720241e-02,2.7720545622e-02,5.4930329700e-02,9.3152642127e-03,290,306
288,2.880000e-01,4.3241718422e-02,2.7809543804e-02,5.5019327881e-02,9.3152642127e-03,290,306
289,2.890000e-01,4.3323531710e-02,2.7891357091e-02,5.5101141168e-02,9.3152642127e-03,290,306
290,2.900000e-01,4.3398135623e-02,2.7965961004e-02,5.5175745081e-02,9.3152642127e-03,290,306
291,2.910000e-01,4.3465508889e-02,2.8033334270e-02,5.5243118347e-02,9.3152642127e-03,290,306
292,2.920000e-01,4.3525633448e-02,2.8093458829e-02,5.5303242907e-02,9.3152642128e-03,290,306
293,2.930000e-01,4.3578494456e-02,2.8146319838e-02,5.5356103915e-02,9.3152642128e-03,290,306
294,2.940000e-01,4.3624080287e-02,2.8191905668e-02,5.5401689746e-02,9.3152642128e-03,290,306
295,2.950000e-01,4.3662382530e-02,2.8230207911e-02,5.5439991989e-02,9.3152642128e-03,290,306
296,2.960000e-01,4.3693395991e-02,2.8261221372e-02,5.5471005449e-02,9.3152642128e-03,290,306
297,2.970000e-01,4.3717118687e-02,2.8284944068e-02,5.5494728146e-02,9.3152642128e-03,290,306
298,2.980000e-01,4.3733551846e-02,2.8301377228e-02,5.5511161305e-02,9.3152642128e-03,290,306
299,2.990000e-01,4.3742699898e-02,2.8310525279e-02,5.5520309356e-02,9.3152642128e-03,290,306
300,3.000000e-01,4.3744570466e-02,2.8312395847e-02,5.5522179924e-02,9.3152642128e-03,290,306
301,3.010000e-01,4.3739174363e-02,2.8306999745e-02,5.5516783822e-02,9.3152642128e-03,290,306
302,3.020000e-01,4.3726525580e-02,2.8294350961e-02,5.5504135039e-02,9.3152642128e-03,290,306
303,3.030000e-01,4.3706641272e-02,2.8274466653e-02,5.5484250730e-02,9.3152642128e-03,290,306
304,3.040000e-01,4.3679541747e-02,2.8247367129e-02,5.5457151206e-02,9.3152642128e-03,290,306
305,3.050000e-01,4.3645250456e-02,2.8213075837e-02,5.5422859915e-02,9.3152642128e-03,290,306
306,3.060000e-01,4.3603793971e-02,2.8171619353e-02,5.5381403430e-02,9.3152642128e-03,290,306
307,3.070000e-01,4.3555201974e-02,2.8123027355e-02,5.5332811432e-02,9.3152642128e-03,290,306
308,3.080000e-01,4.3499507233e-02,2.8067332615e-02,5.5277116692e-02,9.3152642127e-03,290,306
309,3.090000e-01,4.3436745591e-02,2.8004570972e-02,5.5214355050e-02,9.3152642127e-03,290,306
310,3.100000e-01,4.3366955936e-02,2.7934781318e-02,5.5144565395e-02,9.3152642127e-03,290,306
311,3.110000e-01,4.3290180187e-02,2.7858005569e-02,5.5067789646e-02,9.3152642127e-03,290,306
312,3.120000e-01,4.3206463266e-02,2.7774288647e-02,5.4984072725e-02,9.3152642127e-03,290,306
313,3.130000e-01,4.3115853073e-02,2.7683678455e-02,5.4893462532e-02,9.3152642127e-03,290,306
314,3.140000e-01,4.3018400465e-02,2.7586225847e-02,5.4796009924e-02,9.3152642127e-03,290,306
315,3.150000e-01,4.2914159224e-02,2.7481984606e-02,5.4691768683e-02,9.3152642127e-03,290,306
316,3.160000e-01,4.2803186031e-02,2.7371011412e-02,5.4580795490e-02,9.3152642127e-03,290,306
317,3.170000e-01,4.2685540436e-02,2.7253365817e-02,5.4463149895e-02,9.3152642127e-03,290,306
318,3.180000e-01,4.2561284826e-02,2.7129110208e-02,5.4338894285e-02,9.3152642127e-03,290,306
319,3.190000e-01,4.2430484397e-02,2.6998309779e-02,5.4208093856e-02,9.3152642127e-03,290,306
320,3.200000e-01,4.2293207115e-02,2.6861032497e-02,5.4070816574e-02,9.3152642126e-03,290,306
321,3.210000e-01,4.2149523688e-02,2.6717349069e-02,5.3927133147e-02,9.3152642126e-03,290,306
322,3.220000e-01,4.1999507523e-02,2.6567332905e-02,5.3777116982e-02,9.3152642126e-03,290,306
323,3.230000e-01,4.1843234698e-02,2.6411060080e-02,5.3620844157e-02,9.3152642126e-03,290,306
324,3.240000e-01,4.1680783917e-02,2.6248609299e-02,5.3458393377e-02,9.3152642126e-03,290,306
325,3.250000e-01,4.1512236477e-02,2.6080061859e-02,5.3289845936e-02,9.3152642126e-03,290,306
326,3.260000e-01,4.1337676222e-02,2.5905501604e-02,5.3115285682e-02,9.3152642126e-03,290,306
327,3.270000e-01,4.1157189509e-02,2.5725014891e-02,5.2934798968e-02,9.3152642125e-03,290,306
328,3.280000e-01,4.0970865158e-02,2.5538690540e-02,5.2748474618e-02,9.3152642125e-03,290,306
329,3.290000e-01,4.0778794418e-02,2.5346619800e-02,5.2556403877e-02,9.3152642125e-03,290,306
330,3.300000e-01,4.0581070915e-02,2.5148896298e-02,5.2358680375e-02,9.3152642125e-03,290,306
331,3.310000e-01,4.0377790613e-02,2.4945615995e-02,5.2155400073e-02,9.3152642125e-03,290,306
332,3.320000e-01,4.0169051764e-02,2.4736877146e-02,5.1946661223e-02,9.3152642124e-03,290,306
333,3.330000e-01,3.9954954862e-02,2.4522780244e-02,5.1732564322e-02,9.3152642124e-03,290,306
334,3.340000e-01,3.9735602598e-02,2.4303427980e-02,5.1513212057e-02,9.3152642124e-03,290,306
335,3.350000e-01,3.9511099807e-02,2.4078925190e-02,5.1288709267e-02,9.3152642124e-03,290,306
336,3.360000e-01,3.9281553423e-02,2.3849378806e-02,5.1059162883e-02,9.3152642124e-03,290,306
337,3.370000e-01,3.9047072425e-02,2.3614897808e-02,5.0824681885e-02,9.3152642123e-03,290,306
338,3.380000e-01,3.8807767787e-02,2.3375593170e-02,5.0585377247e-02,9.3152642123e-03,290,306
339,3.390000e-01,3.8563752427e-02,2.3131577810e-02,5.0341361887e-02,9.3152642123e-03,290,306
340,3.400000e-01,3.8315141154e-02,2.2882966536e-02,5.0092750614e-02,9.3152642123e-03,290,306
341,3.410000e-01,3.8062050611e-02,2.2629875994e-02,4.9839660071e-02,9.3152642123e-03,290,306
342,3.420000e-01,3.7804599227e-02,2.2372424610e-02,4.9582208687e-02,9.3152642122e-03,290,306
343,3.430000e-01,3.7542907158e-02,2.2110732541e-02,4.9320516618e-02,9.3152642122e-03,290,306
344,3.440000e-01,3.7277096231e-02,2.1844921614e-02,4.9054705691e-02,9.3152642122e-03,290,306
345,3.450000e-01,3.7007289890e-02,2.1575115273e-02,4.8784899351e-02,9.3152642122e-03,290,306
346,3.460000e-01,3.6733613139e-02,2.1301438522e-02,4.8511222600e-02,9.3152642121e-03,290,306
347,3.470000e-01,3.6456192483e-02,2.1024017866e-02,4.8233801943e-02,9.3152642121e-03,290,306
348,3.480000e-01,3.6175155868e-02,2.0742981252e-02,4.7952765329e-02,9.3152642121e-03,290,306
349,3.490000e-01,3.5890632631e-02,2.0458458014e-02,4.7668242091e-02,9.3152642121e-03,290,306
350,3.500000e-01,3.5602753429e-02,2.0170578812e-02,4.7380362890e-02,9.3152642120e-03,290,306
351,3.510000e-01,3.5311650189e-02,1.9879475573e-02,4.7089259650e-02,9.3152642120e-03,290,306
352,3.520000e-01,3.5017456045e-02,1.9585281428e-02,4.6795065505e-02,9.3152642120e-03,290,306
353,3.530000e-01,3.4720305273e-02,1.9288130657e-02,4.6497914734e-02,9.3152642120e-03,290,306
354,3.540000e-01,3.4420333239e-02,1.8988158623e-02,4.6197942700e-02,9.3152642119e-03,290,306
355,3.550000e-01,3.4117676330e-02,1.8685501714e-02,4.5895285792e-02,9.3152642119e-03,290,306
356,3.560000e-01,3.3812471897e-02,1.8380297281e-02,4.5590081358e-02,9.3152642119e-03,290,306
357,3.570000e-01,3.3504858188e-02,1.8072683572e-02,4.5282467650e-02,9.3152642118e-03,290,306
358,3.580000e-01,3.3194974294e-02,1.7762799678e-02,4.4972583756e-02,9.3152642118e-03,290,306
359,3.590000e-01,3.2882960079e-02,1.7450785463e-02,4.4660569540e-02,9.3152642118e-03,290,306
360,3.600000e-01,3.2568956119e-02,1.7136781503e-02,4.4346565580e-02,9.3152642118e-03,290,306
361,3.610000e-01,3.2253103642e-02,1.6820929026e-02,4.4030713103e-02,9.3152642117e-03,290,306
362,3.620000e-01,3.1935544462e-02,1.6503369846e-02,4.3713153924e-02,9.3152642117e-03,290,306
363,3.630000e-01,3.1616420917e-02,1.6184246301e-02,4.3394030379e-02,9.3152642117e-03,290,306
364,3.640000e-01,3.1295875804e-02,1.5863701189e-02,4.3073485266e-02,9.3152642116e-03,290,306
365,3.650000e-01,3.0974052319e-02,1.5541877704e-02,4.2751661781e-02,9.3152642116e-03,290,306
366,3.660000e-01,3.0651093989e-02,1.5218919374e-02,4.2428703452e-02,9.3152642116e-03,290,306
367,3.670000e-01,3.0327144612e-02,1.4894969997e-02,4.2104754074e-02,9.3152642116e-03,290,306
368,3.680000e-01,3.0002348189e-02,1.4570173574e-02,4.1779957651e-02,9.3152642115e-03,290,306
369,3.690000e-01,2.9676848867e-02,1.4244674252e-02,4.1454458329e-02,9.3152642115e-03,290,306
370,3.700000e-01,2.9350790868e-02,1.3918616253e-02,4.1128400331e-02,9.3152642115e-03,290,306
371,3.710000e-01,2.9024318432e-02,1.3592143817e-02,4.0801927895e-02,9.3152642114e-03,290,306
372,3.720000e-01,2.8697575749e-02,1.3265401135e-02,4.0475185212e-02,9.3152642114e-03,290,306
373,3.730000e-01,2.8370706898e-02,1.2938532283e-02,4.0148316361e-02,9.3152642114e-03,290,306
374,3.740000e-01,2.8043855782e-02,1.2611681167e-02,3.9821465245e-02,9.3152642113e-03,290,306
375,3.750000e-01,2.7717166067e-02,1.2284991452e-02,3.9494775530e-02,9.3152642113e-03,290,306
376,3.760000e-01,2.7390781118e-02,1.1958606504e-02,3.9168390581e-02,9.3152642113e-03,290,306
377,3.770000e-01,2.7064843938e-02,1.1632669324e-02,3.8842453401e-02,9.3152642113e-03,290,306
378,3.780000e-01,2.6739497103e-02,1.1307322489e-02,3.8517106567e-02,9.3152642112e-03,290,306
379,3.790000e-01,2.6414882703e-02,1.0982708088e-02,3.8192492166e-02,9.3152642112e-03,290,306
380,3.800000e-01,2.6091142276e-02,1.0658967662e-02,3.7868751739e-02,9.3152642112e-03,290,306
381,3.810000e-01,2.5768416753e-02,1.0336242139e-02,3.7546026216e-02,9.3152642111e-03,290,306
382,3.820000e-01,2.5446846391e-02,1.0014671777e-02,3.7224455854e-02,9.3152642111e-03,290,306
383,3.830000e-01,2.5126570716e-02,9.6943961026e-03,3.6904180180e-02,9.3152642111e-03,290,306
384,3.840000e-01,2.4807728463e-02,9.3755538492e-03,3.6585337927e-02,9.3152642111e-03,290,306
385,3.850000e-01,2.4490457512e-02,9.0582828985e-03,3.6268066976e-02,9.3152642110e-03,290,306
386,3.860000e-01,2.4174894834e-02,8.7427202207e-03,3.5952504298e-02,9.3152642110e-03,290,306
387,3.870000e-01,2.3861176430e-02,8.4290018163e-03,3.5638785894e-02,9.3152642110e-03,290,306
388,3.880000e-01,2.3549437271e-02,8.1172626575e-03,3.5327046735e-02,9.3152642109e-03,290,306
389,3.890000e-01,2.3239811244e-02,7.8076366306e-03,3.5017420708e-02,9.3152642109e-03,290,306
390,3.900000e-01,2.2932431092e-02,7.5002564788e-03,3.4710040556e-02,9.3152642109e-03,290,306
391,3.910000e-01,2.2627428359e-02,7.1952537458e-03,3.4405037823e-02,9.3152642109e-03,290,306
392,3.920000e-01,2.2324933333e-02,6.8927587196e-03,3.4102542797e-02,9.3152642108e-03,290,306
393,3.930000e-01,2.2025074991e-02,6.5929003778e-03,3.3802684455e-02,9.3152642108e-03,290,306
394,3.940000e-01,2.1727980945e-02,6.2958063322e-03,3.3505590410e-02,9.3152642108e-03,290,306
395,3.950000e-01,2.1433777389e-02,6.0016027757e-03,3.3211386853e-02,9.3152642107e-03,290,306
396,3.960000e-01,2.1142589041e-02,5.7104144285e-03,3.2920198506e-02,9.3152642107e-03,290,306
397,3.970000e-01,2.0854539099e-02,5.4223644858e-03,3.2632148563e-02,9.3152642107e-03,290,306
398,3.980000e-01,2.0569749179e-02,5.1375745662e-03,3.2347358644e-02,9.3152642107e-03,290,306
399,3.990000e-01,2.0288339273e-02,4.8561646606e-03,3.2065948738e-02,9.3152642106e-03,290,306
400,4.000000e-01,2.0010427695e-02,4.5782530822e-03,3.1788037160e-02,9.3152642106e-03,290,306
401,4.010000e-01,1.9736131029e-02,4.3039564168e-03,3.1513740494e-02,9.3152642106e-03,290,306
402,4.020000e-01,1.9465564087e-02,4.0333894750e-03,3.1243173552e-02,9.3152642106e-03,290,306
403,4.030000e-01,1.9198839856e-02,3.7666652437e-03,3.0976449321e-02,9.3152642105e-03,290,306
404,4.040000e-01,1.8936069452e-02,3.5038948402e-03,3.0713678918e-02,9.3152642105e-03,290,306
405,4.050000e-01,1.8677362078e-02,3.2451874657e-03,3.0454971543e-02,9.3152642105e-03,290,306
406,4.060000e-01,1.8422824973e-02,2.9906503605e-03,3.0200434438e-02,9.3152642105e-03,290,306
407,4.070000e-01,1.8172563372e-02,2.7403887602e-03,2.9950172838e-02,9.3152642105e-03,290,306
408,4.080000e-01,1.7926680464e-02,2.4945058525e-03,2.9704289930e-02,9.3152642104e-03,290,306
409,4.090000e-01,1.7685277347e-02,2.2531027352e-03,2.9462886813e-02,9.3152642104e-03,290,306
410,4.100000e-01,1.7448452987e-02,2.0162783748e-03,2.9226062452e-02,9.3152642104e-03,290,306
411,4.110000e-01,1.7216304179e-02,1.7841295668e-03,2.8993913644e-02,9.3152642104e-03,290,306
412,4.120000e-01,1.6988925508e-02,1.5567508964e-03,2.8766534974e-02,9.3152642103e-03,290,306
413,4.130000e-01,1.6766409312e-02,1.3342347002e-03,2.8544018778e-02,9.3152642103e-03,290,306
414,4.140000e-01,1.6548845642e-02,1.1166710300e-03,2.8326455107e-02,9.3152642103e-03,290,306
415,4.150000e-01,1.6336322228e-02,9.0414761600e-04,2.8113931693e-02,9.3152642103e-03,290,306
416,4.160000e-01,1.6128924444e-02,6.9674983220e-04,2.7906533910e-02,9.3152642103e-03,290,306
417,4.170000e-01,1.5926735274e-02,4.9456066300e-04,2.7704344740e-02,9.3152642102e-03,290,306
418,4.180000e-01,1.5729835281e-02,2.9766067000e-04,2.7507444747e-02,9.3152642102e-03,290,306
419,4.190000e-01,1.5538302572e-02,1.0612796100e-04,2.7315912038e-02,9.3152642102e-03,290,306
420,4.200000e-01,1.5352212770e-02,-7.9961841000e-05,2.7129822236e-02,9.3152642102e-03,290,306
421,4.210000e-01,1.5171638985e-02,-2.6053562650e-04,2.6949248451e-02,9.3152642102e-03,290,306
422,4.220000e-01,1.4996651783e-02,-4.3552282820e-04,2.6774261249e-02,9.3152642102e-03,290,306
423,4.230000e-01,1.4827319164e-02,-6.0485544750e-04,2.6604928630e-02,9.3152642101e-03,290,306
424,4.240000e-01,1.4663706531e-02,-7.6846808030e-04,2.6441315997e-02,9.3152642101e-03,290,306
425,4.250000e-01,1.4505876669e-02,-9.2629794200e-04,2.6283486135e-02,9.3152642101e-03,290,306
426,4.260000e-01,1.4353889720e-02,-1.0782848906e-03,2.6131499187e-02,9.3152642101e-03,290,306
427,4.270000e-01,1.4207803162e-02,-1.2243714488e-03,2.5985412629e-02,9.3152642101e-03,290,306
428,4.280000e-01,1.4067671785e-02,-1.3645028256e-03,2.5845281252e-02,9.3152642101e-03,290,306
429,4.290000e-01,1.3933547676e-02,-1.4986269351e-03,2.5711157142e-02,9.3152642101e-03,290,306
430,4.300000e-01,1.3805480195e-02,-1.6266944163e-03,2.5583089661e-02,9.3152642101e-03,290,306
431,4.310000e-01,1.3683515962e-02,-1.7486586493e-03,2.5461125428e-02,9.3152642100e-03,290,306
432,4.320000e-01,1.3567698839e-02,-1.8644757721e-03,2.5345308305e-02,9.3152642100e-03,290,306
433,4.330000e-01,1.3458069915e-02,-1.9741046953e-03,2.5235679382e-02,9.3152642100e-03,290,306
434,4.340000e-01,1.3354667495e-02,-2.0775071158e-03,2.5132276962e-02,9.3152642100e-03,290,306
435,4.350000e-01,1.3257527082e-02,-2.1746475290e-03,2.5035136548e-02,9.3152642100e-03,290,306
436,4.360000e-01,1.3166681371e-02,-2.2654932399e-03,2.4944290838e-02,9.3152642100e-03,290,306
437,4.370000e-01,1.3082160237e-02,-2.3500143735e-03,2.4859769704e-02,9.3152642100e-03,290,306
438,4.380000e-01,1.3003990728e-02,-2.4281838827e-03,2.4781600195e-02,9.3152642100e-03,290,306
439,4.390000e-01,1.2932197054e-02,-2.4999775562e-03,2.4709806521e-02,9.3152642100e-03,290,306
440,4.400000e-01,1.2866800586e-02,-2.5653740244e-03,2.4644410053e-02,9.3152642100e-03,290,306
441,4.410000e-01,1.2807819846e-02,-2.6243547642e-03,2.4585429313e-02,9.3152642100e-03,290,306
442,4.420000e-01,1.2755270508e-02,-2.6769041027e-03,2.4532879975e-02,9.3152642100e-03,290,306
443,4.430000e-01,1.2709165391e-02,-2.7230092197e-03,2.4486774858e-02,9.3152642100e-03,290,306
444,4.440000e-01,1.2669514462e-02,-2.7626601483e-03,2.4447123929e-02,9.3152642100e-03,290,306
445,4.450000e-01,1.2636324835e-02,-2.7958497751e-03,2.4413934302e-02,9.3152642100e-03,290,306
446,4.460000e-01,1.2609600772e-02,-2.8225738387e-03,2.4387210239e-02,9.3152642099e-03,290,306
447,4.470000e-01,1.2589343683e-02,-2.8428309271e-03,2.4366953150e-02,9.3152642099e-03,290,306
448,4.480000e-01,1.2575552137e-02,-2.8566224734e-03,2.4353161604e-02,9.3152642099e-03,290,306
449,4.490000e-01,1.2568221860e-02,-2.8639527510e-03,2.4345831326e-02,9.3152642099e-03,290,306
450,4.500000e-01,1.2567345743e-02,-2.8648288671e-03,2.4344955210e-02,9.3152642099e-03,290,306
451,4.510000e-01,1.2572913856e-02,-2.8592607549e-03,2.4350523323e-02,9.3152642099e-03,290,306
452,4.520000e-01,1.2584913446e-02,-2.8472611649e-03,2.4362522913e-02,9.3152642099e-03,290,306
453,4.530000e-01,1.2603328956e-02,-2.8288456545e-03,2.4380938423e-02,9.3152642099e-03,290,306
454,4.540000e-01,1.2628142033e-02,-2.8040325771e-03,2.4405751500e-02,9.3152642099e-03,290,306
455,4.550000e-01,1.2659331541e-02,-2.7728430692e-03,2.4436941008e-02,9.3152642100e-03,290,306
456,4.560000e-01,1.2696873574e-02,-2.7353010369e-03,2.4474483041e-02,9.3152642100e-03,290,306
457,4.570000e-01,1.2740741470e-02,-2.6914331408e-03,2.4518350937e-02,9.3152642100e-03,290,306
458,4.580000e-01,1.2790905831e-02,-2.6412687799e-03,2.4568515298e-02,9.3152642100e-03,290,306
459,4.590000e-01,1.2847334536e-02,-2.5848400743e-03,2.4624944003e-02,9.3152642100e-03,290,306
460,4.600000e-01,1.2909992764e-02,-2.5221818469e-03,2.4687602231e-02,9.3152642100e-03,290,306
461,4.610000e-01,1.2978843007e-02,-2.4533316034e-03,2.4756452474e-02,9.3152642100e-03,290,306
462,4.620000e-01,1.3053845099e-02,-2.3783295121e-03,2.4831454565e-02,9.3152642100e-03,290,306
463,4.630000e-01,1.3134956229e-02,-2.2972183812e-03,2.4912565696e-02,9.3152642100e-03,290,306
464,4.640000e-01,1.3222130974e-02,-2.2100436364e-03,2.4999740441e-02,9.3152642100e-03,290,306
465,4.650000e-01,1.3315321314e-02,-2.1168532967e-03,2.5092930781e-02,9.3152642100e-03,290,306
466,4.660000e-01,1.3414476662e-02,-2.0176979487e-03,2.5192086129e-02,9.3152642100e-03,290,306
467,4.670000e-01,1.3519543890e-02,-1.9126307207e-03,2.5297153357e-02,9.3152642100e-03,290,306
468,4.680000e-01,1.3630467356e-02,-1.8017072551e-03,2.5408076822e-02,9.3152642100e-03,290,306
469,4.690000e-01,1.3747188931e-02,-1.6849856798e-03,2.5524798398e-02,9.3152642101e-03,290,306
470,4.700000e-01,1.3869648032e-02,-1.5625265789e-03,2.5647257499e-02,9.3152642101e-03,290,306
471,4.710000e-01,1.3997781649e-02,-1.4343929622e-03,2.5775391115e-02,9.3152642101e-03,290,306
472,4.720000e-01,1.4131524378e-02,-1.3006502332e-03,2.5909133844e-02,9.3152642101e-03,290,306
473,4.730000e-01,1.4270808454e-02,-1.1613661568e-03,2.6048417921e-02,9.3152642101e-03,290,306
474,4.740000e-01,1.4415563785e-02,-1.0166108261e-03,2.6193173251e-02,9.3152642101e-03,290,306
475,4.750000e-01,1.4565717984e-02,-8.6645662690e-04,2.6343327451e-02,9.3152642101e-03,290,306
476,4.760000e-01,1.4721196408e-02,-7.1097820330e-04,2.6498805874e-02,9.3152642101e-03,290,306
477,4.770000e-01,1.4881922191e-02,-5.5025242040e-04,2.6659531657e-02,9.3152642102e-03,290,306
478,4.780000e-01,1.5047816284e-02,-3.8435832750e-04,2.6825425750e-02,9.3152642102e-03,290,306
479,4.790000e-01,1.5218797492e-02,-2.1337711970e-04,2.6996406958e-02,9.3152642102e-03,290,306
480,4.800000e-01,1.5394782513e-02,-3.7392098600e-05,2.7172391979e-02,9.3152642102e-03,290,306
481,4.810000e-01,1.5575685979e-02,1.4351136730e-04,2.7353295445e-02,9.3152642102e-03,290,306
482,4.820000e-01,1.5761420495e-02,3.2924588390e-04,2.7539029961e-02,9.3152642102e-03,290,306
483,4.830000e-01,1.5951896684e-02,5.1972207290e-04,2.7729506150e-02,9.3152642103e-03,290,306
484,4.840000e-01,1.6147023226e-02,7.1484861410e-04,2.7924632692e-02,9.3152642103e-03,290,306
485,4.850000e-01,1.6346706901e-02,9.1453228910e-04,2.8124316367e-02,9.3152642103e-03,290,306
486,4.860000e-01,1.6550852637e-02,1.1186780250e-03,2.8328462102e-02,9.3152642103e-03,290,306
487,4.870000e-01,1.6759363551e-02,1.3271889391e-03,2.8536973017e-02,9.3152642103e-03,290,306
488,4.880000e-01,1.6972140996e-02,1.5399663848e-03,2.8749750462e-02,9.3152642103e-03,290,306
489,4.890000e-01,1.7189084609e-02,1.7569099971e-03,2.8966694075e-02,9.3152642104e-03,290,306
490,4.900000e-01,1.7410092352e-02,1.9779177402e-03,2.9187701818e-02,9.3152642104e-03,290,306
491,4.910000e-01,1.7635060566e-02,2.2028859546e-03,2.9412670032e-02,9.3152642104e-03,290,306
492,4.920000e-01,1.7863884017e-02,2.4317094053e-03,2.9641493483e-02,9.3152642104e-03,290,306
493,4.930000e-01,1.8096455943e-02,2.6642813308e-03,2.9874065408e-02,9.3152642104e-03,290,306
494,4.940000e-01,1.8332668104e-02,2.9004934923e-03,3.0110277570e-02,9.3152642105e-03,290,306
495,4.950000e-01,1.8572410836e-02,3.1402362236e-03,3.0350020301e-02,9.3152642105e-03,290,306
496,4.960000e-01,1.8815573094e-02,3.3833984816e-03,3.0593182559e-02,9.3152642105e-03,290,306
497,4.970000e-01,1.9062042510e-02,3.6298678977e-03,3.0839651975e-02,9.3152642105e-03,290,306
498,4.980000e-01,1.9311705441e-02,3.8795308286e-03,3.1089314906e-02,9.3152642106e-03,290,306
499,4.990000e-01,1.9564447022e-02,4.1322724092e-03,3.1342056487e-02,9.3152642106e-03,290,306
500,5.000000e-01,1.9820151216e-02,4.3879766040e-03,3.1597760681e-02,9.3152642106e-03,290,306
501,5.010000e-01,2.0078700874e-02,4.6465262611e-03,3.1856310339e-02,9.3152642106e-03,290,306
502,5.020000e-01,2.0339977777e-02,4.9078031645e-03,3.2117587242e-02,9.3152642106e-03,290,306
503,5.030000e-01,2.0603862701e-02,5.1716880885e-03,3.2381472166e-02,9.3152642107e-03,290,306
504,5.040000e-01,2.0870235464e-02,5.4380608513e-03,3.2647844929e-02,9.3152642107e-03,290,306
505,5.050000e-01,2.1138974982e-02,5.7068003695e-03,3.2916584447e-02,9.3152642107e-03,290,306
506,5.060000e-01,2.1409959326e-02,5.9777847128e-03,3.3187568790e-02,9.3152642107e-03,290,306
507,5.070000e-01,2.1683065772e-02,6.2508911590e-03,3.3460675236e-02,9.3152642108e-03,290,306
508,5.080000e-01,2.1958170862e-02,6.5259962491e-03,3.3735780327e-02,9.3152642108e-03,290,306
509,5.090000e-01,2.2235150456e-02,6.8029758428e-03,3.4012759920e-02,9.3152642108e-03,290,306
510,5.100000e-01,2.2513879787e-02,7.0817051741e-03,3.4291489252e-02,9.3152642108e-03,290,306
511,5.110000e-01,2.2794233521e-02,7.3620589074e-03,3.4571842985e-02,9.3152642109e-03,290,306
512,5.120000e-01,2.3076085806e-02,7.6439111932e-03,3.4853695271e-02,9.3152642109e-03,290,306
513,5.130000e-01,2.3359310338e-02,7.9271357245e-03,3.5136919802e-02,9.3152642109e-03,290,306
514,5.140000e-01,2.3643780406e-02,8.2116057927e-03,3.5421389870e-02,9.3152642109e-03,290,306
515,5.150000e-01,2.3929368958e-02,8.4971943446e-03,3.5706978422e-02,9.3152642110e-03,290,306
516,5.160000e-01,2.4215948652e-02,8.7837740380e-03,3.5993558115e-02,9.3152642110e-03,290,306
517,5.170000e-01,2.4503391912e-02,9.0712172988e-03,3.6281001376e-02,9.3152642110e-03,290,306
518,5.180000e-01,2.4791570991e-02,9.3593963771e-03,3.6569180454e-02,9.3152642111e-03,290,306
519,5.190000e-01,2.5080358018e-02,9.6481834038e-03,3.6857967481e-02,9.3152642111e-03,290,306
520,5.200000e-01,2.5369625061e-02,9.9374504468e-03,3.7147234524e-02,9.3152642111e-03,290,306
521,5.210000e-01,2.5659244182e-02,1.0227069568e-02,3.7436853645e-02,9.3152642111e-03,290,306
522,5.220000e-01,2.5949087492e-02,1.0516912878e-02,3.7726696955e-02,9.3152642112e-03,290,306
523,5.230000e-01,2.6239027209e-02,1.0806852594e-02,3.8016636672e-02,9.3152642112e-03,290,306
524,5.240000e-01,2.6528935711e-02,1.1096761096e-02,3.8306545174e-02,9.3152642112e-03,290,306
525,5.250000e-01,2.6818685595e-02,1.1386510981e-02,3.8596295058e-02,9.3152642112e-03,290,306
526,5.260000e-01,2.7108149732e-02,1.1675975117e-02,3.8885759195e-02,9.3152642113e-03,290,306
527,5.270000e-01,2.7397201320e-02,1.1965026706e-02,3.9174810783e-02,9.3152642113e-03,290,306
528,5.280000e-01,2.7685713943e-02,1.2253539329e-02,3.9463323406e-02,9.3152642113e-03,290,306
529,5.290000e-01,2.7973561624e-02,1.2541387009e-02,3.9751171086e-02,9.3152642113e-03,290,306
530,5.300000e-01,2.8260618877e-02,1.2828444262e-02,4.0038228340e-02,9.3152642114e-03,290,306
531,5.310000e-01,2.8546760767e-02,1.3114586153e-02,4.0324370230e-02,9.3152642114e-03,290,306
532,5.320000e-01,2.8831862961e-02,1.3399688347e-02,4.0609472424e-02,9.3152642114e-03,290,306
533,5.330000e-01,2.9115801781e-02,1.3683627166e-02,4.0893411243e-02,9.3152642114e-03,290,306
534,5.340000e-01,2.9398454257e-02,1.3966279642e-02,4.1176063720e-02,9.3152642115e-03,290,306
535,5.350000e-01,2.9679698184e-02,1.4247523569e-02,4.1457307646e-02,9.3152642115e-03,290,306
536,5.360000e-01,2.9959412169e-02,1.4527237554e-02,4.1737021631e-02,9.3152642115e-03,290,306
537,5.370000e-01,3.0237475686e-02,1.4805301071e-02,4.2015085149e-02,9.3152642115e-03,290,306
538,5.380000e-01,3.0513769130e-02,1.5081594515e-02,4.2291378592e-02,9.3152642116e-03,290,306
539,5.390000e-01,3.0788173862e-02,1.5355999247e-02,4.2565783325e-02,9.3152642116e-03,290,306
540,5.400000e-01,3.1060572265e-02,1.5628397650e-02,4.2838181727e-02,9.3152642116e-03,290,306
541,5.410000e-01,3.1330847792e-02,1.5898673176e-02,4.3108457254e-02,9.3152642116e-03,290,306
542,5.420000e-01,3.1598885013e-02,1.6166710398e-02,4.3376494475e-02,9.3152642117e-03,290,306
543,5.430000e-01,3.1864569671e-02,1.6432395055e-02,4.3642179133e-02,9.3152642117e-03,290,306
544,5.440000e-01,3.2127788722e-02,1.6695614107e-02,4.3905398184e-02,9.3152642117e-03,290,306
545,5.450000e-01,3.2388430389e-02,1.6956255774e-02,4.4166039851e-02,9.3152642117e-03,290,306
546,5.460000e-01,3.2646384207e-02,1.7214209591e-02,4.4423993668e-02,9.3152642118e-03,290,306
547,5.470000e-01,3.2901541066e-02,1.7469366450e-02,4.4679150528e-02,9.3152642118e-03,290,306
548,5.480000e-01,3.3153793264e-02,1.7721618649e-02,4.4931402726e-02,9.3152642118e-03,290,306
549,5.490000e-01,3.3403034547e-02,1.7970859931e-02,4.5180644009e-02,9.3152642118e-03,290,306
550,5.500000e-01,3.3649160153e-02,1.8216985537e-02,4.5426769615e-02,9.3152642119e-03,290,306
551,5.510000e-01,3.3892066859e-02,1.8459892243e-02,4.5669676321e-02,9.3152642119e-03,290,306
552,5.520000e-01,3.4131653022e-02,1.8699478406e-02,4.5909262483e-02,9.3152642119e-03,290,306
553,5.530000e-01,3.4367818620e-02,1.8935644003e-02,4.6145428081e-02,9.3152642119e-03,290,306
554,5.540000e-01,3.4600465295e-02,1.9168290679e-02,4.6378074756e-02,9.3152642119e-03,290,306
555,5.550000e-01,3.4829496395e-02,1.9397321779e-02,4.6607105857e-02,9.3152642120e-03,290,306
556,5.560000e-01,3.5054817011e-02,1.9622642395e-02,4.6832426472e-02,9.3152642120e-03,290,306
557,5.570000e-01,3.5276334017e-02,1.9844159400e-02,4.7053943478e-02,9.3152642120e-03,290,306
558,5.580000e-01,3.5493956106e-02,2.0061781490e-02,4.7271565567e-02,9.3152642120e-03,290,306
559,5.590000e-01,3.5707593834e-02,2.0275419217e-02,4.7485203294e-02,9.3152642120e-03,290,306
560,5.600000e-01,3.5917159646e-02,2.0484985030e-02,4.7694769107e-02,9.3152642121e-03,290,306
561,5.610000e-01,3.6122567923e-02,2.0690393306e-02,4.7900177383e-02,9.3152642121e-03,290,306
562,5.620000e-01,3.6323735005e-02,2.0891560388e-02,4.8101344466e-02,9.3152642121e-03,290,306
563,5.630000e-01,3.6520579235e-02,2.1088404618e-02,4.8298188695e-02,9.3152642121e-03,290,306
564,5.640000e-01,3.6713020983e-02,2.1280846366e-02,4.8490630444e-02,9.3152642121e-03,290,306
565,5.650000e-01,3.6900982686e-02,2.1468808069e-02,4.8678592146e-02,9.3152642122e-03,290,306
566,5.660000e-01,3.7084388871e-02,2.1652214254e-02,4.8861998331e-02,9.3152642122e-03,290,306
567,5.670000e-01,3.7263166189e-02,2.1830991572e-02,4.9040775650e-02,9.3152642122e-03,290,306
568,5.680000e-01,3.7437243446e-02,2.2005068829e-02,4.9214852907e-02,9.3152642122e-03,290,306
569,5.690000e-01,3.7606551625e-02,2.2174377008e-02,4.9384161086e-02,9.3152642122e-03,290,306
570,5.700000e-01,3.7771023918e-02,2.2338849301e-02,4.9548633378e-02,9.3152642122e-03,290,306
571,5.710000e-01,3.7930595747e-02,2.2498421130e-02,4.9708205208e-02,9.3152642122e-03,290,306
572,5.720000e-01,3.8085204796e-02,2.2653030179e-02,4.9862814256e-02,9.3152642123e-03,290,306
573,5.730000e-01,3.8234791026e-02,2.2802616409e-02,5.0012400486e-02,9.3152642123e-03,290,306
574,5.740000e-01,3.8379296705e-02,2.2947122088e-02,5.0156906166e-02,9.3152642123e-03,290,306
575,5.750000e-01,3.8518666427e-02,2.3086491809e-02,5.0296275887e-02,9.3152642123e-03,290,306
576,5.760000e-01,3.8652847130e-02,2.3220672512e-02,5.0430456590e-02,9.3152642123e-03,290,306
577,5.770000e-01,3.8781788120e-02,2.3349613503e-02,5.0559397580e-02,9.3152642123e-03,290,306
578,5.780000e-01,3.8905441088e-02,2.3473266470e-02,5.0683050548e-02,9.3152642123e-03,290,306
579,5.790000e-01,3.9023760125e-02,2.3591585508e-02,5.0801369585e-02,9.3152642123e-03,290,306
580,5.800000e-01,3.9136701743e-02,2.3704527126e-02,5.0914311203e-02,9.3152642124e-03,290,306
581,5.810000e-01,3.9244224886e-02,2.3812050268e-02,5.1021834346e-02,9.3152642124e-03,290,306
582,5.820000e-01,3.9346290945e-02,2.3914116327e-02,5.1123900405e-02,9.3152642124e-03,290,306
583,5.830000e-01,3.9442863774e-02,2.4010689156e-02,5.1220473233e-02,9.3152642124e-03,290,306
584,5.840000e-01,3.9533909697e-02,2.4101735080e-02,5.1311519157e-02,9.3152642124e-03,290,306
585,5.850000e-01,3.9619397525e-02,2.4187222908e-02,5.1397006985e-02,9.3152642124e-03,290,306
586,5.860000e-01,3.9699298561e-02,2.4267123943e-02,5.1476908020e-02,9.3152642124e-03,290,306
587,5.870000e-01,3.9773586608e-02,2.4341411990e-02,5.1551196067e-02,9.3152642124e-03,290,306
588,5.880000e-01,3.9842237980e-02,2.4410063363e-02,5.1619847440e-02,9.3152642124e-03,290,306
589,5.890000e-01,3.9905231509e-02,2.4473056891e-02,5.1682840969e-02,9.3152642124e-03,290,306
590,5.900000e-01,3.9962548545e-02,2.4530373927e-02,5.1740158005e-02,9.3152642124e-03,290,306
591,5.910000e-01,4.0014172965e-02,2.4581998348e-02,5.1791782425e-02,9.3152642124e-03,290,306
592,5.920000e-01,4.0060091175e-02,2.4627916557e-02,5.1837700634e-02,9.3152642124e-03,290,306
593,5.930000e-01,4.0100292109e-02,2.4668117491e-02,5.1877901568e-02,9.3152642124e-03,290,306
594,5.940000e-01,4.0134767234e-02,2.4702592617e-02,5.1912376694e-02,9.3152642124e-03,290,306
595,5.950000e-01,4.0163510549e-02,2.4731335931e-02,5.1941120009e-02,9.3152642124e-03,290,306
596,5.960000e-01,4.0186518580e-02,2.4754343962e-02,5.1964128039e-02,9.3152642124e-03,290,306
597,5.970000e-01,4.0203790381e-02,2.4771615763e-02,5.1981399840e-02,9.3152642125e-03,290,306
598,5.980000e-01,4.0215327529e-02,2.4783152911e-02,5.1992936989e-02,9.3152642125e-03,290,306
599,5.990000e-01,4.0221134121e-02,2.4788959503e-02,5.1998743581e-02,9.3152642125e-03,290,306
600,6.000000e-01,4.0221216766e-02,2.4789042148e-02,5.1998826225e-02,9.3152642125e-03,290,306
601,6.010000e-01,4.0215584577e-02,2.4783409959e-02,5.1993194037e-02,9.3152642125e-03,290,306
602,6.020000e-01,4.0204249168e-02,2.4772074550e-02,5.1981858628e-02,9.3152642125e-03,290,306
603,6.030000e-01,4.0187224640e-02,2.4755050022e-02,5.1964834099e-02,9.3152642124e-03,290,306
604,6.040000e-01,4.0164527572e-02,2.4732352954e-02,5.1942137032e-02,9.3152642124e-03,290,306
605,6.050000e-01,4.0136177012e-02,2.4704002395e-02,5.1913786472e-02,9.3152642124e-03,290,306
606,6.060000e-01,4.0102194463e-02,2.4670019845e-02,5.1879803922e-02,9.3152642124e-03,290,306
607,6.070000e-01,4.0062603867e-02,2.4630429249e-02,5.1840213326e-02,9.3152642124e-03,290,306
608,6.080000e-01,4.0017431595e-02,2.4585256978e-02,5.1795041055e-02,9.3152642124e-03,290,306
609,6.090000e-01,3.9966706432e-02,2.4534531814e-02,5.1744315891e-02,9.3152642124e-03,290,306
610,6.100000e-01,3.9910459553e-02,2.4478284936e-02,5.1688069013e-02,9.3152642124e-03,290,306
611,6.110000e-01,3.9848724516e-02,2.4416549898e-02,5.1626333976e-02,9.3152642124e-03,290,306
612,6.120000e-01,3.9781537234e-02,2.4349362617e-02,5.1559146694e-02,9.3152642124e-03,290,306
613,6.130000e-01,3.9708935963e-02,2.4276761345e-02,5.1486545423e-02,9.3152642124e-03,290,306
614,6.140000e-01,3.9630961275e-02,2.4198786657e-02,5.1408570735e-02,9.3152642124e-03,290,306
615,6.150000e-01,3.9547656041e-02,2.4115481423e-02,5.1325265501e-02,9.3152642124e-03,290,306
616,6.160000e-01,3.9459065407e-02,2.4026890789e-02,5.1236674867e-02,9.3152642124e-03,290,306
617,6.170000e-01,3.9365236770e-02,2.3933062152e-02,5.1142846230e-02,9.3152642124e-03,290,306
618,6.180000e-01,3.9266219754e-02,2.3834045136e-02,5.1043829214e-02,9.3152642124e-03,290,306
619,6.190000e-01,3.9162066185e-02,2.3729891567e-02,5.0939675645e-02,9.3152642124e-03,290,306
620,6.200000e-01,3.9052830064e-02,2.3620655447e-02,5.0830439524e-02,9.3152642123e-03,290,306
621,6.210000e-01,3.8938567541e-02,2.3506392924e-02,5.0716177001e-02,9.3152642123e-03,290,306
622,6.220000e-01,3.8819336884e-02,2.3387162267e-02,5.0596946344e-02,9.3152642123e-03,290,306
623,6.230000e-01,3.8695198455e-02,2.3263023838e-02,5.0472807915e-02,9.3152642123e-03,290,306
624,6.240000e-01,3.8566214674e-02,2.3134040057e-02,5.0343824134e-02,9.3152642123e-03,290,306
625,6.250000e-01,3.8432449993e-02,2.3000275376e-02,5.0210059453e-02,9.3152642123e-03,290,306
626,6.260000e-01,3.8293970863e-02,2.2861796246e-02,5.0071580323e-02,9.3152642123e-03,290,306
627,6.270000e-01,3.8150845700e-02,2.2718671083e-02,4.9928455160e-02,9.3152642123e-03,290,306
628,6.280000e-01,3.8003144856e-02,2.2570970239e-02,4.9780754316e-02,9.3152642123e-03,290,306
629,6.290000e-01,3.7850940578e-02,2.2418765961e-02,4.9628550038e-02,9.3152642122e-03,290,306
630,6.300000e-01,3.7694306981e-02,2.2262132364e-02,4.9471916442e-02,9.3152642122e-03,290,306
631,6.310000e-01,3.7533320008e-02,2.2101145390e-02,4.9310929468e-02,9.3152642122e-03,290,306
632,6.320000e-01,3.7368057392e-02,2.1935882775e-02,4.9145666852e-02,9.3152642122e-03,290,306
633,6.330000e-01,3.7198598624e-02,2.1766424007e-02,4.8976208085e-02,9.3152642122e-03,290,306
634,6.340000e-01,3.7025024913e-02,2.1592850296e-02,4.8802634373e-02,9.3152642122e-03,290,306
635,6.350000e-01,3.6847419145e-02,2.1415244528e-02,4.8625028606e-02,9.3152642121e-03,290,306
636,6.360000e-01,3.6665865848e-02,2.1233691231e-02,4.8443475309e-02,9.3152642121e-03,290,306
637,6.370000e-01,3.6480451150e-02,2.1048276533e-02,4.8258060610e-02,9.3152642121e-03,290,306
638,6.380000e-01,3.6291262737e-02,2.0859088120e-02,4.8068872198e-02,9.3152642121e-03,290,306
639,6.390000e-01,3.6098389817e-02,2.0666215200e-02,4.7875999277e-02,9.3152642121e-03,290,306
640,6.400000e-01,3.5901923072e-02,2.0469748456e-02,4.7679532533e-02,9.3152642121e-03,290,306
641,6.410000e-01,3.5701954623e-02,2.0269780006e-02,4.7479564084e-02,9.3152642120e-03,290,306
642,6.420000e-01,3.5498577979e-02,2.0066403362e-02,4.7276187440e-02,9.3152642120e-03,290,306
643,6.430000e-01,3.5291888000e-02,1.9859713383e-02,4.7069497461e-02,9.3152642120e-03,290,306
644,6.440000e-01,3.5081980850e-02,1.9649806234e-02,4.6859590311e-02,9.3152642120e-03,290,306
645,6.450000e-01,3.4868953956e-02,1.9436779339e-02,4.6646563417e-02,9.3152642120e-03,290,306
646,6.460000e-01,3.4652905957e-02,1.9220731341e-02,4.6430515418e-02,9.3152642119e-03,290,306
647,6.470000e-01,3.4433936666e-02,1.9001762050e-02,4.6211546127e-02,9.3152642119e-03,290,306
648,6.480000e-01,3.4212147019e-02,1.8779972403e-02,4.5989756480e-02,9.3152642119e-03,290,306
649,6.490000e-01,3.3987639031e-02,1.8555464415e-02,4.5765248492e-02,9.3152642119e-03,290,306
650,6.500000e-01,3.3760515748e-02,1.8328341131e-02,4.5538125209e-02,9.3152642119e-03,290,306
651,6.510000e-01,3.3530881202e-02,1.8098706586e-02,4.5308490663e-02,9.3152642118e-03,290,306
652,6.520000e-01,3.3298840362e-02,1.7866665746e-02,4.5076449824e-02,9.3152642118e-03,290,306
653,6.530000e-01,3.3064499089e-02,1.7632324474e-02,4.4842108551e-02,9.3152642118e-03,290,306
654,6.540000e-01,3.2827964084e-02,1.7395789469e-02,4.4605573546e-02,9.3152642118e-03,290,306
655,6.550000e-01,3.2589342843e-02,1.7157168227e-02,4.4366952305e-02,9.3152642118e-03,290,306
656,6.560000e-01,3.2348743606e-02,1.6916568990e-02,4.4126353068e-02,9.3152642117e-03,290,306
657,6.570000e-01,3.2106275311e-02,1.6674100695e-02,4.3883884772e-02,9.3152642117e-03,290,306
658,6.580000e-01,3.1862047542e-02,1.6429872927e-02,4.3639657004e-02,9.3152642117e-03,290,306
659,6.590000e-01,3.1616170483e-02,1.6183995868e-02,4.3393779945e-02,9.3152642117e-03,290,306
660,6.600000e-01,3.1368754867e-02,1.5936580252e-02,4.3146364329e-02,9.3152642116e-03,290,306
661,6.610000e-01,3.1119911924e-02,1.5687737309e-02,4.2897521386e-02,9.3152642116e-03,290,306
662,6.620000e-01,3.0869753337e-02,1.5437578721e-02,4.2647362799e-02,9.3152642116e-03,290,306
663,6.630000e-01,3.0618391185e-02,1.5186216570e-02,4.2396000647e-02,9.3152642116e-03,290,306
664,6.640000e-01,3.0365937901e-02,1.4933763285e-02,4.2143547363e-02,9.3152642116e-03,290,306
665,6.650000e-01,3.0112506214e-02,1.4680331599e-02,4.1890115676e-02,9.3152642115e-03,290,306
666,6.660000e-01,2.9858209106e-02,1.4426034491e-02,4.1635818569e-02,9.3152642115e-03,290,306
667,6.670000e-01,2.9603159759e-02,1.4170985144e-02,4.1380769221e-02,9.3152642115e-03,290,306
668,6.680000e-01,2.9347471501e-02,1.3915296886e-02,4.1125080963e-02,9.3152642115e-03,290,306
669,6.690000e-01,2.9091257764e-02,1.3659083149e-02,4.0868867226e-02,9.3152642114e-03,290,306
670,6.700000e-01,2.8834632026e-02,1.3402457412e-02,4.0612241489e-02,9.3152642114e-03,290,306
671,6.710000e-01,2.8577707769e-02,1.3145533154e-02,4.0355317232e-02,9.3152642114e-03,290,306
672,6.720000e-01,2.8320598421e-02,1.2888423806e-02,4.0098207884e-02,9.3152642114e-03,290,306
673,6.730000e-01,2.8063417312e-02,1.2631242697e-02,3.9841026775e-02,9.3152642113e-03,290,306
674,6.740000e-01,2.7806277621e-02,1.2374103006e-02,3.9583887084e-02,9.3152642113e-03,290,306
675,6.750000e-01,2.7549292329e-02,1.2117117714e-02,3.9326901792e-02,9.3152642113e-03,290,306
676,6.760000e-01,2.7292574168e-02,1.1860399554e-02,3.9070183631e-02,9.3152642113e-03,290,306
677,6.770000e-01,2.7036235573e-02,1.1604060959e-02,3.8813845036e-02,9.3152642113e-03,290,306
678,6.780000e-01,2.6780388631e-02,1.1348214017e-02,3.8557998094e-02,9.3152642112e-03,290,306
679,6.790000e-01,2.6525145036e-02,1.1092970421e-02,3.8302754499e-02,9.3152642112e-03,290,306
680,6.800000e-01,2.6270616035e-02,1.0838441421e-02,3.8048225498e-02,9.3152642112e-03,290,306
681,6.810000e-01,2.6016912385e-02,1.0584737771e-02,3.7794521849e-02,9.3152642112e-03,290,306
682,6.820000e-01,2.5764144304e-02,1.0331969690e-02,3.7541753767e-02,9.3152642111e-03,290,306
683,6.830000e-01,2.5512421420e-02,1.0080246806e-02,3.7290030883e-02,9.3152642111e-03,290,306
684,6.840000e-01,2.5261852727e-02,9.8296781136e-03,3.7039462191e-02,9.3152642111e-03,290,306
685,6.850000e-01,2.5012546540e-02,9.5803719261e-03,3.6790156004e-02,9.3152642111e-03,290,306
686,6.860000e-01,2.4764610442e-02,9.3324358279e-03,3.6542219905e-02,9.3152642111e-03,290,306
687,6.870000e-01,2.4518151243e-02,9.0859766291e-03,3.6295760707e-02,9.3152642110e-03,290,306
688,6.880000e-01,2.4273274934e-02,8.8411003201e-03,3.6050884398e-02,9.3152642110e-03,290,306
689,6.890000e-01,2.4030086639e-02,8.5979120257e-03,3.5807696103e-02,9.3152642110e-03,290,306
690,6.900000e-01,2.3788690574e-02,8.3565159606e-03,3.5566300038e-02,9.3152642110e-03,290,306
691,6.910000e-01,2.3549189999e-02,8.1170153851e-03,3.5326799463e-02,9.3152642109e-03,290,306
692,6.920000e-01,2.3311687174e-02,7.8795125607e-03,3.5089296638e-02,9.3152642109e-03,290,306
693,6.930000e-01,2.3076283321e-02,7.6441087077e-03,3.4853892785e-02,9.3152642109e-03,290,306
694,6.940000e-01,2.2843078575e-02,7.4109039614e-03,3.4620688039e-02,9.3152642109e-03,290,306
695,6.950000e-01,2.2612171943e-02,7.1799973302e-03,3.4389781408e-02,9.3152642109e-03,290,306
696,6.960000e-01,2.2383661267e-02,6.9514866543e-03,3.4161270732e-02,9.3152642108e-03,290,306
697,6.970000e-01,2.2157643177e-02,6.7254685636e-03,3.3935252641e-02,9.3152642108e-03,290,306
698,6.980000e-01,2.1934213051e-02,6.5020384380e-03,3.3711822515e-02,9.3152642108e-03,290,306
699,6.990000e-01,2.1713464980e-02,6.2812903673e-03,3.3491074445e-02,9.3152642108e-03,290,306
700,7.000000e-01,2.1495491724e-02,6.0633171113e-03,3.3273101189e-02,9.3152642108e-03,290,306
701,7.010000e-01,2.1280384675e-02,5.8482100621e-03,3.3057994140e-02,9.3152642107e-03,290,306
702,7.020000e-01,2.1068233818e-02,5.6360592053e-03,3.2845843283e-02,9.3152642107e-03,290,306
703,7.030000e-01,2.0859127696e-02,5.4269530831e-03,3.2636737161e-02,9.3152642107e-03,290,306
704,7.040000e-01,2.0653153370e-02,5.2209787576e-03,3.2430762835e-02,9.3152642107e-03,290,306
705,7.050000e-01,2.0450396387e-02,5.0182217748e-03,3.2228005852e-02,9.3152642107e-03,290,306
706,7.060000e-01,2.0250940742e-02,4.8187661295e-03,3.2028550207e-02,9.3152642106e-03,290,306
707,7.070000e-01,2.0054868844e-02,4.6226942311e-03,3.1832478309e-02,9.3152642106e-03,290,306
708,7.080000e-01,1.9862261482e-02,4.4300868692e-03,3.1639870947e-02,9.3152642106e-03,290,306
709,7.090000e-01,1.9673197794e-02,4.2410231814e-03,3.1450807259e-02,9.3152642106e-03,290,306
710,7.100000e-01,1.9487755233e-02,4.0555806209e-03,3.1265364698e-02,9.3152642106e-03,290,306
711,7.110000e-01,1.9306009537e-02,3.8738349249e-03,3.1083619002e-02,9.3152642106e-03,290,306
712,7.120000e-01,1.9128034697e-02,3.6958600845e-03,3.0905644162e-02,9.3152642105e-03,290,306
713,7.130000e-01,1.8953902927e-02,3.5217283145e-03,3.0731512392e-02,9.3152642105e-03,290,306
714,7.140000e-01,1.8783684637e-02,3.3515100249e-03,3.0561294102e-02,9.3152642105e-03,290,306
715,7.150000e-01,1.8617448405e-02,3.1852737925e-03,3.0395057870e-02,9.3152642105e-03,290,306
716,7.160000e-01,1.8455260946e-02,3.0230863339e-03,3.0232870411e-02,9.3152642105e-03,290,306
717,7.170000e-01,1.8297187091e-02,2.8650124791e-03,3.0074796557e-02,9.3152642105e-03,290,306
718,7.180000e-01,1.8143289758e-02,2.7111151459e-03,2.9920899223e-02,9.3152642104e-03,290,306
719,7.190000e-01,1.7993629927e-02,2.5614553153e-03,2.9771239393e-02,9.3152642104e-03,290,306
720,7.200000e-01,1.7848266620e-02,2.4160920081e-03,2.9625876086e-02,9.3152642104e-03,290,306
721,7.210000e-01,1.7707256874e-02,2.2750822618e-03,2.9484866339e-02,9.3152642104e-03,290,306
722,7.220000e-01,1.7570655720e-02,2.1384811085e-03,2.9348265186e-02,9.3152642104e-03,290,306
723,7.230000e-01,1.7438516166e-02,2.0063415544e-03,2.9216125632e-02,9.3152642104e-03,290,306
724,7.240000e-01,1.7310889171e-02,1.8787145595e-03,2.9088498637e-02,9.3152642104e-03,290,306
725,7.250000e-01,1.7187823630e-02,1.7556490183e-03,2.8965433096e-02,9.3152642104e-03,290,306
726,7.260000e-01,1.7069366354e-02,1.6371917419e-03,2.8846975819e-02,9.3152642104e-03,290,306
727,7.270000e-01,1.6955562052e-02,1.5233874407e-03,2.8733171518e-02,9.3152642103e-03,290,306
728,7.280000e-01,1.6846453319e-02,1.4142787078e-03,2.8624062785e-02,9.3152642103e-03,290,306
729,7.290000e-01,1.6742080616e-02,1.3099060040e-03,2.8519690081e-02,9.3152642103e-03,290,306
730,7.300000e-01,1.6642482255e-02,1.2103076433e-03,2.8420091721e-02,9.3152642103e-03,290,306
731,7.310000e-01,1.6547694391e-02,1.1155197795e-03,2.8325303857e-02,9.3152642103e-03,290,306
732,7.320000e-01,1.6457751005e-02,1.0255763938e-03,2.8235360471e-02,9.3152642103e-03,290,306
733,7.330000e-01,1.6372683895e-02,9.4050928320e-04,2.8150293361e-02,9.3152642103e-03,290,306
734,7.340000e-01,1.6292522662e-02,8.6034805000e-04,2.8070132127e-02,9.3152642103e-03,290,306
735,7.350000e-01,1.6217294704e-02,7.8512009270e-04,2.7994904170e-02,9.3152642103e-03,290,306
736,7.360000e-01,1.6147025208e-02,7.1485059700e-04,2.7924634674e-02,9.3152642103e-03,290,306
737,7.370000e-01,1.6081737140e-02,6.4956252820e-04,2.7859346606e-02,9.3152642103e-03,290,306
738,7.380000e-01,1.6021451237e-02,5.8927662540e-04,2.7799060703e-02,9.3152642103e-03,290,306
739,7.390000e-01,1.5966186006e-02,5.3401139490e-04,2.7743795472e-02,9.3152642103e-03,290,306
740,7.400000e-01,1.5915957718e-02,4.8378310660e-04,2.7693567184e-02,9.3152642102e-03,290,306
741,7.410000e-01,1.5870780401e-02,4.3860578980e-04,2.7648389867e-02,9.3152642102e-03,290,306
742,7.420000e-01,1.5830665842e-02,3.9849123070e-04,2.7608275308e-02,9.3152642102e-03,290,306
743,7.430000e-01,1.5795623582e-02,3.6344897100e-04,2.7573233048e-02,9.3152642102e-03,290,306
744,7.440000e-01,1.5765660919e-02,3.3348630730e-04,2.7543270385e-02,9.3152642102e-03,290,306
745,7.450000e-01,1.5740782903e-02,3.0860829130e-04,2.7518392369e-02,9.3152642102e-03,290,306
746,7.460000e-01,1.5720992342e-02,2.8881773110e-04,2.7498601809e-02,9.3152642102e-03,290,306
747,7.470000e-01,1.5706289805e-02,2.7411519400e-04,2.7483899271e-02,9.3152642102e-03,290,306
748,7.480000e-01,1.5696673621e-02,2.6449900930e-04,2.7474283087e-02,9.3152642102e-03,290,306
749,7.490000e-01,1.5692139884e-02,2.5996527300e-04,2.7469749350e-02,9.3152642102e-03,290,306
750,7.500000e-01,1.5692682464e-02,2.6050785280e-04,2.7470291930e-02,9.3152642102e-03,290,306
751,7.510000e-01,1.5698293006e-02,2.6611839450e-04,2.7475902472e-02,9.3152642102e-03,290,306
752,7.520000e-01,1.5708960941e-02,2.7678632940e-04,2.7486570407e-02,9.3152642102e-03,290,306
753,7.530000e-01,1.5724673493e-02,2.9249888210e-04,2.7502282960e-02,9.3152642102e-03,290,306
754,7.540000e-01,1.5745415691e-02,3.1324107990e-04,2.7523025157e-02,9.3152642102e-03,290,306
755,7.550000e-01,1.5771170374e-02,3.3899576290e-04,2.7548779840e-02,9.3152642102e-03,290,306
756,7.560000e-01,1.5801918206e-02,3.6974359500e-04,2.7579527672e-02,9.3152642102e-03,290,306
757,7.570000e-01,1.5837637687e-02,4.0546307570e-04,2.7615247153e-02,9.3152642102e-03,290,306
758,7.580000e-01,1.5878305165e-02,4.4613055340e-04,2.7655914631e-02,9.3152642102e-03,290,306
759,7.590000e-01,1.5923894850e-02,4.9172023880e-04,2.7701504316e-02,9.3152642102e-03,290,306
760,7.600000e-01,1.5974378832e-02,5.4220422010e-04,2.7751988298e-02,9.3152642103e-03,290,306
761,7.610000e-01,1.6029727090e-02,5.9755247820e-04,2.7807336556e-02,9.3152642103e-03,290,306
762,7.620000e-01,1.6089907515e-02,6.5773290380e-04,2.7867516981e-02,9.3152642103e-03,290,306
763,7.630000e-01,1.6154885926e-02,7.2271131410e-04,2.7932495392e-02,9.3152642103e-03,290,306
764,7.640000e-01,1.6224626084e-02,7.9245147210e-04,2.8002235550e-02,9.3152642103e-03,290,306
765,7.650000e-01,1.6299089716e-02,8.6691510490e-04,2.8076699182e-02,9.3152642103e-03,290,306
766,7.660000e-01,1.6378236536e-02,9.4606192450e-04,2.8155846002e-02,9.3152642103e-03,290,306
767,7.670000e-01,1.6462024260e-02,1.0298496483e-03,2.8239633726e-02,9.3152642103e-03,290,306
768,7.680000e-01,1.6550408633e-02,1.1182340210e-03,2.8328018098e-02,9.3152642103e-03,290,306
769,7.690000e-01,1.6643343449e-02,1.2111688372e-03,2.8420952915e-02,9.3152642103e-03,290,306
770,7.700000e-01,1.6740780577e-02,1.3086059650e-03,2.8518390042e-02,9.3152642103e-03,290,306
771,7.710000e-01,1.6842669982e-02,1.4104953699e-03,2.8620279447e-02,9.3152642103e-03,290,306
772,7.720000e-01,1.6948959752e-02,1.5167851401e-03,2.8726569218e-02,9.3152642103e-03,290,306
773,7.730000e-01,1.7059596124e-02,1.6274215122e-03,2.8837205590e-02,9.3152642104e-03,290,306
774,7.740000e-01,1.7174523510e-02,1.7423488980e-03,2.8952132975e-02,9.3152642104e-03,290,306
775,7.750000e-01,1.7293684523e-02,1.8615099116e-03,2.9071293989e-02,9.3152642104e-03,290,306
776,7.760000e-01,1.7417020009e-02,1.9848453975e-03,2.9194629475e-02,9.3152642104e-03,290,306
777,7.770000e-01,1.7544469072e-02,2.1122944598e-03,2.9322078537e-02,9.3152642104e-03,290,306
778,7.780000e-01,1.7675969103e-02,2.2437944912e-03,2.9453578569e-02,9.3152642104e-03,290,306
779,7.790000e-01,1.7811455816e-02,2.3792812038e-03,2.9589065281e-02,9.3152642104e-03,290,306
780,7.800000e-01,1.7950863272e-02,2.5186886597e-03,2.9728472737e-02,9.3152642104e-03,290,306
781,7.810000e-01,1.8094123915e-02,2.6619493027e-03,2.9871733380e-02,9.3152642104e-03,290,306
782,7.820000e-01,1.8241168603e-02,2.8089939907e-03,3.0018778068e-02,9.3152642105e-03,290,306
783,7.830000e-01,1.8391926641e-02,2.9597520285e-03,3.0169536106e-02,9.3152642105e-03,290,306
784,7.840000e-01,1.8546325813e-02,3.1141512013e-03,3.0323935279e-02,9.3152642105e-03,290,306
785,7.850000e-01,1.8704292421e-02,3.2721178093e-03,3.0481901887e-02,9.3152642105e-03,290,306
786,7.860000e-01,1.8865751314e-02,3.4335767019e-03,3.0643360779e-02,9.3152642105e-03,290,306
787,7.870000e-01,1.9030625926e-02,3.5984513134e-03,3.0808235391e-02,9.3152642105e-03,290,306
788,7.880000e-01,1.9198838311e-02,3.7666636988e-03,3.0976447776e-02,9.3152642105e-03,290,306
789,7.890000e-01,1.9370309183e-02,3.9381345705e-03,3.1147918648e-02,9.3152642106e-03,290,306
790,7.900000e-01,1.9544957947e-02,4.1127833349e-03,3.1322567412e-02,9.3152642106e-03,290,306
791,7.910000e-01,1.9722702743e-02,4.2905281303e-03,3.1500312208e-02,9.3152642106e-03,290,306
792,7.920000e-01,1.9903460477e-02,4.4712858646e-03,3.1681069942e-02,9.3152642106e-03,290,306
793,7.930000e-01,2.0087146867e-02,4.6549722542e-03,3.1864756332e-02,9.3152642106e-03,290,306
794,7.940000e-01,2.0273676475e-02,4.8415018625e-03,3.2051285940e-02,9.3152642106e-03,290,306
795,7.950000e-01,2.0462962752e-02,5.0307881395e-03,3.2240572217e-02,9.3152642107e-03,290,306
796,7.960000e-01,2.0654918075e-02,5.2227434619e-03,3.2432527539e-02,9.3152642107e-03,290,306
797,7.970000e-01,2.0849453786e-02,5.4172791728e-03,3.2627063250e-02,9.3152642107e-03,290,306
798,7.980000e-01,2.1046480236e-02,5.6143056229e-03,3.2824089700e-02,9.3152642107e-03,290,306
799,7.990000e-01,2.1245906824e-02,5.8137322108e-03,3.3023516288e-02,9.3152642107e-03,290,306
800,8.000000e-01,2.1447642038e-02,6.0154674253e-03,3.3225251503e-02,9.3152642107e-03,290,306
801,8.010000e-01,2.1651593499e-02,6.2194188861e-03,3.3429202964e-02,9.3152642108e-03,290,306
802,8.020000e-01,2.1857667999e-02,6.4254933865e-03,3.3635277464e-02,9.3152642108e-03,290,306
803,8.030000e-01,2.2065771548e-02,6.6335969354e-03,3.3843381013e-02,9.3152642108e-03,290,306
804,8.040000e-01,2.2275809413e-02,6.8436348000e-03,3.4053418877e-02,9.3152642108e-03,290,306
805,8.050000e-01,2.2487686161e-02,7.0555115483e-03,3.4265295626e-02,9.3152642108e-03,290,306
806,8.060000e-01,2.2701305706e-02,7.2691310928e-03,3.4478915170e-02,9.3152642109e-03,290,306
807,8.070000e-01,2.2916571346e-02,7.4843967331e-03,3.4694180811e-02,9.3152642109e-03,290,306
808,8.080000e-01,2.3133385813e-02,7.7012112001e-03,3.4910995278e-02,9.3152642109e-03,290,306
809,8.090000e-01,2.3351651312e-02,7.9194766988e-03,3.5129260776e-02,9.3152642109e-03,290,306
810,8.100000e-01,2.3571269567e-02,8.1390949531e-03,3.5348879031e-02,9.3152642109e-03,290,306
811,8.110000e-01,2.3792141862e-02,8.3599672490e-03,3.5569751326e-02,9.3152642110e-03,290,306
812,8.120000e-01,2.4014169093e-02,8.5819944790e-03,3.5791778556e-02,9.3152642110e-03,290,306
813,8.130000e-01,2.4237251800e-02,8.8050771866e-03,3.6014861264e-02,9.3152642110e-03,290,306
814,8.140000e-01,2.4461290224e-02,9.0291156100e-03,3.6238899687e-02,9.3152642110e-03,290,306
815,8.150000e-01,2.4686184341e-02,9.2540097268e-03,3.6463793804e-02,9.3152642110e-03,290,306
816,8.160000e-01,2.4911833912e-02,9.4796592982e-03,3.6689443376e-02,9.3152642111e-03,290,306
817,8.170000e-01,2.5138138528e-02,9.7059639138e-03,3.6915747991e-02,9.3152642111e-03,290,306
818,8.180000e-01,2.5364997649e-02,9.9328230355e-03,3.7142607113e-02,9.3152642111e-03,290,306
819,8.190000e-01,2.5592310656e-02,1.0160136042e-02,3.7369920120e-02,9.3152642111e-03,290,306
820,8.200000e-01,2.5819976889e-02,1.0387802275e-02,3.7597586352e-02,9.3152642111e-03,290,306
821,8.210000e-01,2.6047895692e-02,1.0615721078e-02,3.7825505156e-02,9.3152642112e-03,290,306
822,8.220000e-01,2.6275966463e-02,1.0843791849e-02,3.8053575926e-02,9.3152642112e-03,290,306
823,8.230000e-01,2.6504088690e-02,1.1071914076e-02,3.8281698154e-02,9.3152642112e-03,290,306
824,8.240000e-01,2.6732162003e-02,1.1299987389e-02,3.8509771466e-02,9.3152642112e-03,290,306
825,8.250000e-01,2.6960086210e-02,1.1527911596e-02,3.8737695673e-02,9.3152642112e-03,290,306
826,8.260000e-01,2.7187761347e-02,1.1755586733e-02,3.8965370810e-02,9.3152642113e-03,290,306
827,8.270000e-01,2.7415087720e-02,1.1982913105e-02,3.9192697183e-02,9.3152642113e-03,290,306
828,8.280000e-01,2.7641965945e-02,1.2209791330e-02,3.9419575408e-02,9.3152642113e-03,290,306
829,8.290000e-01,2.7868296996e-02,1.2436122382e-02,3.9645906459e-02,9.3152642113e-03,290,306
830,8.300000e-01,2.8093982247e-02,1.2661807632e-02,3.9871591709e-02,9.3152642114e-03,290,306
831,8.310000e-01,2.8318923509e-02,1.2886748895e-02,4.0096532972e-02,9.3152642114e-03,290,306
832,8.320000e-01,2.8543023083e-02,1.3110848468e-02,4.0320632546e-02,9.3152642114e-03,290,306
833,8.330000e-01,2.8766183791e-02,1.3334009177e-02,4.0543793254e-02,9.3152642114e-03,290,306
834,8.340000e-01,2.8988309027e-02,1.3556134413e-02,4.0765918490e-02,9.3152642114e-03,290,306
835,8.350000e-01,2.9209302793e-02,1.3777128178e-02,4.0986912255e-02,9.3152642115e-03,290,306
836,8.360000e-01,2.9429069740e-02,1.3996895125e-02,4.1206679203e-02,9.3152642115e-03,290,306
837,8.370000e-01,2.9647515215e-02,1.4215340600e-02,4.1425124677e-02,9.3152642115e-03,290,306
838,8.380000e-01,2.9864545294e-02,1.4432370679e-02,4.1642154756e-02,9.3152642115e-03,290,306
839,8.390000e-01,3.0080066826e-02,1.4647892211e-02,4.1857676288e-02,9.3152642115e-03,290,306
840,8.400000e-01,3.0293987473e-02,1.4861812858e-02,4.2071596936e-02,9.3152642116e-03,290,306
841,8.410000e-01,3.0506215749e-02,1.5074041134e-02,4.2283825211e-02,9.3152642116e-03,290,306
842,8.420000e-01,3.0716661056e-02,1.5284486441e-02,4.2494270518e-02,9.3152642116e-03,290,306
843,8.430000e-01,3.0925233727e-02,1.5493059111e-02,4.2702843189e-02,9.3152642116e-03,290,306
844,8.440000e-01,3.1131845059e-02,1.5699670444e-02,4.2909454521e-02,9.3152642116e-03,290,306
845,8.450000e-01,3.1336407356e-02,1.5904232740e-02,4.3114016818e-02,9.3152642116e-03,290,306
846,8.460000e-01,3.1538833961e-02,1.6106659346e-02,4.3316443423e-02,9.3152642117e-03,290,306
847,8.470000e-01,3.1739039296e-02,1.6306864680e-02,4.3516648758e-02,9.3152642117e-03,290,306
848,8.480000e-01,3.1936938895e-02,1.6504764279e-02,4.3714548356e-02,9.3152642117e-03,290,306
849,8.490000e-01,3.2132449440e-02,1.6700274825e-02,4.3910058902e-02,9.3152642117e-03,290,306
850,8.500000e-01,3.2325488800e-02,1.6893314184e-02,4.4103098262e-02,9.3152642117e-03,290,306
851,8.510000e-01,3.2515976058e-02,1.7083801442e-02,4.4293585520e-02,9.3152642118e-03,290,306
852,8.520000e-01,3.2703831550e-02,1.7271656935e-02,4.4481441012e-02,9.3152642118e-03,290,306
853,8.530000e-01,3.2888976897e-02,1.7456802281e-02,4.4666586359e-02,9.3152642118e-03,290,306
854,8.540000e-01,3.3071335035e-02,1.7639160419e-02,4.4848944496e-02,9.3152642118e-03,290,306
855,8.550000e-01,3.3250830249e-02,1.7818655633e-02,4.5028439711e-02,9.3152642118e-03,290,306
856,8.560000e-01,3.3427388206e-02,1.7995213590e-02,4.5204997667e-02,9.3152642118e-03,290,306
857,8.570000e-01,3.3600935979e-02,1.8168761363e-02,4.5378545440e-02,9.3152642119e-03,290,306
858,8.580000e-01,3.3771402085e-02,1.8339227469e-02,4.5549011546e-02,9.3152642119e-03,290,306
859,8.590000e-01,3.3938716508e-02,1.8506541892e-02,4.5716325969e-02,9.3152642119e-03,290,306
860,8.600000e-01,3.4102810729e-02,1.8670636113e-02,4.5880420191e-02,9.3152642119e-03,290,306
861,8.610000e-01,3.4263617757e-02,1.8831443140e-02,4.6041227218e-02,9.3152642119e-03,290,306
862,8.620000e-01,3.4421072149e-02,1.8988897533e-02,4.6198681610e-02,9.3152642119e-03,290,306
863,8.630000e-01,3.4575110045e-02,1.9142935429e-02,4.6352719506e-02,9.3152642119e-03,290,306
864,8.640000e-01,3.4725669186e-02,1.9293494569e-02,4.6503278647e-02,9.3152642120e-03,290,306
865,8.650000e-01,3.4872688943e-02,1.9440514326e-02,4.6650298404e-02,9.3152642120e-03,290,306
866,8.660000e-01,3.5016110339e-02,1.9583935723e-02,4.6793719800e-02,9.3152642120e-03,290,306
867,8.670000e-01,3.5155876076e-02,1.9723701460e-02,4.6933485537e-02,9.3152642120e-03,290,306
868,8.680000e-01,3.5291930552e-02,1.9859755936e-02,4.7069540013e-02,9.3152642120e-03,290,306
869,8.690000e-01,3.5424219887e-02,1.9992045270e-02,4.7201829348e-02,9.3152642120e-03,290,306
870,8.700000e-01,3.5552691940e-02,2.0120517323e-02,4.7330301401e-02,9.3152642120e-03,290,306
871,8.710000e-01,3.5677296335e-02,2.0245121718e-02,4.7454905796e-02,9.3152642120e-03,290,306
872,8.720000e-01,3.5797984474e-02,2.0365809858e-02,4.7575593935e-02,9.3152642121e-03,290,306
873,8.730000e-01,3.5914709561e-02,2.0482534944e-02,4.7692319022e-02,9.3152642121e-03,290,306
874,8.740000e-01,3.6027426615e-02,2.0595251998e-02,4.7805036076e-02,9.3152642121e-03,290,306
875,8.750000e-01,3.6136092489e-02,2.0703917873e-02,4.7913701950e-02,9.3152642121e-03,290,306
876,8.760000e-01,3.6240665888e-02,2.0808491272e-02,4.8018275349e-02,9.3152642121e-03,290,306
877,8.770000e-01,3.6341107380e-02,2.0908932764e-02,4.8118716841e-02,9.3152642121e-03,290,306
878,8.780000e-01,3.6437379414e-02,2.1005204798e-02,4.8214988875e-02,9.3152642121e-03,290,306
879,8.790000e-01,3.6529446332e-02,2.1097271715e-02,4.8307055792e-02,9.3152642121e-03,290,306
880,8.800000e-01,3.6617274379e-02,2.1185099763e-02,4.8394883840e-02,9.3152642121e-03,290,306
881,8.810000e-01,3.6700831722e-02,2.1268657106e-02,4.8478441183e-02,9.3152642121e-03,290,306
882,8.820000e-01,3.6780088454e-02,2.1347913837e-02,4.8557697915e-02,9.3152642121e-03,290,306
883,8.830000e-01,3.6855016606e-02,2.1422841989e-02,4.8632626066e-02,9.3152642121e-03,290,306
884,8.840000e-01,3.6925590157e-02,2.1493415540e-02,4.8703199617e-02,9.3152642122e-03,290,306
885,8.850000e-01,3.6991785043e-02,2.1559610426e-02,4.8769394503e-02,9.3152642122e-03,290,306
886,8.860000e-01,3.7053579163e-02,2.1621404546e-02,4.8831188623e-02,9.3152642122e-03,290,306
887,8.870000e-01,3.7110952385e-02,2.1678777768e-02,4.8888561846e-02,9.3152642122e-03,290,306
888,8.880000e-01,3.7163886555e-02,2.1731711938e-02,4.8941496015e-02,9.3152642122e-03,290,306
889,8.890000e-01,3.7212365497e-02,2.1780190880e-02,4.8989974958e-02,9.3152642122e-03,290,306
890,8.900000e-01,3.7256375022e-02,2.1824200405e-02,4.9033984483e-02,9.3152642122e-03,290,306
891,8.910000e-01,3.7295902927e-02,2.1863728310e-02,4.9073512387e-02,9.3152642122e-03,290,306
892,8.920000e-01,3.7330938998e-02,2.1898764381e-02,4.9108548459e-02,9.3152642122e-03,290,306
893,8.930000e-01,3.7361475015e-02,2.1929300398e-02,4.9139084475e-02,9.3152642122e-03,290,306
894,8.940000e-01,3.7387504746e-02,2.1955330129e-02,4.9165114206e-02,9.3152642122e-03,290,306
895,8.950000e-01,3.7409023952e-02,2.1976849335e-02,4.9186633413e-02,9.3152642122e-03,290,306
896,8.960000e-01,3.7426030385e-02,2.1993855768e-02,4.9203639846e-02,9.3152642122e-03,290,306
897,8.970000e-01,3.7438523782e-02,2.2006349165e-02,4.9216133243e-02,9.3152642122e-03,290,306
898,8.980000e-01,3.7446505866e-02,2.2014331249e-02,4.9224115326e-02,9.3152642122e-03,290,306
899,8.990000e-01,3.7449980340e-02,2.2017805723e-02,4.9227589800e-02,9.3152642122e-03,290,306
900,9.000000e-01,3.7448952882e-02,2.2016778265e-02,4.9226562343e-02,9.3152642122e-03,290,306
