frame,t_s,z_magnet_m,z_magnet_std_m,z_bore_m
1,0.001,0.04596847331382779,0.009500261893201786,0.020199317668384557
2,0.002,0.04595199685038984,0.009500261893201804,0.020199317668384557
3,0.003,0.04592456558670909,0.009500261893201831,0.020199317668384557
4,0.004,0.045886209096114544,0.009500261893201871,0.020199317668384557
5,0.005,0.04583696170773507,0.009500261893201922,0.020199317668384557
6,0.006,0.045776862483806975,0.009500261893201984,0.020199317668384557
7,0.007,0.04570595519492888,0.009500261893202055,0.020199317668384557
8,0.008,0.04562428829329576,0.00950026189320214,0.020199317668384557
9,0.009000000000000001,0.045531914883911624,0.009500261893202234,0.020199317668384557
10,0.01,0.04542889269380648,0.00950026189320234,0.020199317668384557
11,0.011,0.045315284039263305,0.009500261893202454,0.020199317668384557
12,0.012,0.04519115579108913,0.009500261893202583,0.020199317668384557
13,0.013000000000000001,0.045056579337934936,0.00950026189320272,0.020199317668384557
14,0.014,0.04491163054769072,0.009500261893202869,0.020199317668384557
15,0.015,0.04475638972695049,0.009500261893203028,0.020199317668384557
16,0.016,0.044590941578650255,0.009500261893203197,0.020199317668384557
17,0.017,0.044415375157760006,0.009500261893203377,0.020199317668384557
18,0.018000000000000002,0.04422978382520973,0.009500261893203568,0.020199317668384557
19,0.019,0.04403426519992945,0.009500261893203767,0.020199317668384557
20,0.02,0.04382892110913915,0.009500261893203975,0.020199317668384557
21,0.021,0.04361385753686883,0.009500261893204198,0.020199317668384557
22,0.022,0.043389184570698514,0.009500261893204427,0.020199317668384557
23,0.023,0.043155016346798164,0.009500261893204666,0.020199317668384557
24,0.024,0.04291147099328782,0.009500261893204916,0.020199317668384557
25,0.025,0.042658670571947443,0.009500261893205174,0.020199317668384557
26,0.026000000000000002,0.04239674101819708,0.009500261893205443,0.020199317668384557
27,0.027,0.04212581207960667,0.009500261893205719,0.020199317668384557
28,0.028,0.04184601725272626,0.009500261893206005,0.020199317668384557
29,0.029,0.04155749371842585,0.009500261893206302,0.020199317668384557
30,0.03,0.041260382275645414,0.009500261893206605,0.020199317668384557
31,0.031,0.040954827273794965,0.009500261893206918,0.020199317668384557
32,0.032,0.040640976543524505,0.00950026189320724,0.020199317668384557
33,0.033,0.04031898132624405,0.00950026189320757,0.020199317668384557
34,0.034,0.03998899620213357,0.009500261893207906,0.020199317668384557
35,0.035,0.039651179016863075,0.009500261893208252,0.020199317668384557
36,0.036000000000000004,0.039305690806982575,0.009500261893208605,0.020199317668384557
37,0.037,0.03895269572400206,0.009500261893208966,0.020199317668384557
38,0.038,0.03859236095728154,0.009500261893209336,0.020199317668384557
39,0.039,0.038224856655641,0.00950026189320971,0.020199317668384557
40,0.04,0.03785035584785046,0.009500261893210096,0.020199317668384557
41,0.041,0.0374690343619199,0.009500261893210486,0.020199317668384557
42,0.042,0.03708107074336934,0.009500261893210881,0.020199317668384557
43,0.043000000000000003,0.03668664617234877,0.009500261893211286,0.020199317668384557
44,0.044,0.03628594437982818,0.009500261893211695,0.020199317668384557
45,0.045,0.03587915156271759,0.009500261893212111,0.020199317668384557
46,0.046,0.03546645629791699,0.009500261893212535,0.020199317668384557
47,0.047,0.03504804945591638,0.009500261893212963,0.020199317668384557
48,0.048,0.034624124113115766,0.009500261893213397,0.020199317668384557
49,0.049,0.03419487546311514,0.009500261893213836,0.020199317668384557
50,0.05,0.03376050072781451,0.00950026189321428,0.020199317668384557
51,0.051000000000000004,0.03332119906751387,0.009500261893214729,0.020199317668384557
52,0.052000000000000005,0.032877171490213235,0.009500261893215185,0.020199317668384557
53,0.053,0.032428620759912576,0.009500261893215643,0.020199317668384557
54,0.054,0.03197575130521192,0.009500261893216106,0.020199317668384557
55,0.055,0.031518769126511255,0.009500261893216573,0.020199317668384557
56,0.056,0.031057881702910586,0.009500261893217047,0.020199317668384557
57,0.057,0.030593297898709907,0.009500261893217522,0.020199317668384557
58,0.058,0.03012522786930923,0.009500261893218,0.020199317668384557
59,0.059000000000000004,0.029653882966808542,0.009500261893218483,0.020199317668384557
60,0.06,0.029179475645207856,0.009500261893218969,0.020199317668384557
61,0.061,0.028702219365007157,0.009500261893219456,0.020199317668384557
62,0.062,0.028222328498106464,0.009500261893219947,0.020199317668384557
63,0.063,0.027740018231905764,0.009500261893220441,0.020199317668384557
64,0.064,0.027255504473405058,0.009500261893220938,0.020199317668384557
65,0.065,0.02676900375320435,0.009500261893221435,0.020199317668384557
66,0.066,0.026280733129203645,0.009500261893221935,0.020199317668384557
67,0.067,0.02579091009030293,0.009500261893222435,0.020199317668384557
68,0.068,0.02529975246040221,0.009500261893222938,0.020199317668384557
69,0.069,0.0248074783018015,0.009500261893223443,0.020199317668384557
70,0.07,0.024314305818900785,0.009500261893223947,0.020199317668384557
71,0.07100000000000001,0.023820453262400062,0.009500261893224452,0.020199317668384557
72,0.07200000000000001,0.023326138832999343,0.009500261893224959,0.020199317668384557
73,0.073,0.022831580585498626,0.009500261893225464,0.020199317668384557
74,0.074,0.022336996333397908,0.00950026189322597,0.020199317668384557
75,0.075,0.021842603553397188,0.009500261893226475,0.020199317668384557
76,0.076,0.021348619290296474,0.009500261893226981,0.020199317668384557
77,0.077,0.02085526006219575,0.009500261893227488,0.020199317668384557
78,0.078,0.020362741766595038,0.009500261893227991,0.020199317668384557
79,0.079,0.019871279585694325,0.009500261893228494,0.020199317668384557
80,0.08,0.019381087893693614,0.009500261893228995,0.020199317668384557
81,0.081,0.018892380163392897,0.009500261893229495,0.020199317668384557
82,0.082,0.01840536887409219,0.009500261893229993,0.020199317668384557
83,0.083,0.017920265419191485,0.00950026189323049,0.020199317668384557
84,0.084,0.017437280015790785,0.009500261893230985,0.020199317668384557
85,0.085,0.016956621613590083,0.009500261893231476,0.020199317668384557
86,0.08600000000000001,0.01647849780518939,0.009500261893231965,0.020199317668384557
87,0.08700000000000001,0.0160031147369887,0.009500261893232453,0.020199317668384557
88,0.088,0.015530677020988013,0.009500261893232935,0.020199317668384557
89,0.089,0.015061387647087332,0.009500261893233415,0.020199317668384557
90,0.09,0.014595447896786653,0.009500261893233893,0.020199317668384557
91,0.091,0.014133057256985982,0.009500261893234366,0.020199317668384557
92,0.092,0.013674413335285317,0.009500261893234834,0.020199317668384557
93,0.093,0.013219711776384658,0.009500261893235301,0.020199317668384557
94,0.094,0.012769146178884,0.00950026189323576,0.020199317668384557
95,0.095,0.01232290801368335,0.009500261893236219,0.020199317668384557
96,0.096,0.011881186543082706,0.00950026189323667,0.020199317668384557
97,0.097,0.011444168740882072,0.009500261893237117,0.020199317668384557
98,0.098,0.011012039214481448,0.00950026189323756,0.020199317668384557
99,0.099,0.010584980126780826,0.009500261893237997,0.020199317668384557
100,0.1,0.010163171120380215,0.009500261893238429,0.020199317668384557
101,0.101,0.009746789242779608,0.009500261893238854,0.020199317668384557
102,0.10200000000000001,0.009336008872279013,0.009500261893239274,0.020199317668384557
103,0.10300000000000001,0.008931001645778418,0.009500261893239688,0.020199317668384557
104,0.10400000000000001,0.008531936387877841,0.009500261893240098,0.020199317668384557
105,0.105,0.008138979040977268,0.0095002618932405,0.020199317668384557
106,0.106,0.007752292596776706,0.009500261893240896,0.020199317668384557
107,0.107,0.007372037029576155,0.009500261893241284,0.020199317668384557
108,0.108,0.0069983692308756085,0.009500261893241668,0.020199317668384557
109,0.109,0.006631442944875078,0.009500261893242042,0.020199317668384557
110,0.11,0.006271408706474558,0.009500261893242412,0.020199317668384557
111,0.111,0.00591841377977404,0.009500261893242773,0.020199317668384557
112,0.112,0.00557260209867354,0.009500261893243126,0.020199317668384557
113,0.113,0.0052341142091730485,0.009500261893243472,0.020199317668384557
114,0.114,0.004903087212772565,0.009500261893243812,0.020199317668384557
115,0.115,0.004579654711472095,0.009500261893244141,0.020199317668384557
116,0.116,0.004263946755271636,0.009500261893244466,0.020199317668384557
117,0.117,0.00395608979007119,0.00950026189324478,0.020199317668384557
118,0.11800000000000001,0.0036562066080707556,0.009500261893245087,0.020199317668384557
119,0.11900000000000001,0.0033644162996703305,0.009500261893245385,0.020199317668384557
120,0.12,0.0030808342070699174,0.009500261893245675,0.020199317668384557
121,0.121,0.002805571879469516,0.009500261893245958,0.020199317668384557
122,0.122,0.002538737029869126,0.00950026189324623,0.020199317668384557
123,0.123,0.0022804334943687505,0.009500261893246495,0.020199317668384557
124,0.124,0.0020307611922683907,0.00950026189324675,0.020199317668384557
125,0.125,0.0017898160884680374,0.009500261893246997,0.020199317668384557
126,0.126,0.0015576901579677043,0.009500261893247234,0.020199317668384557
127,0.127,0.0013344713513673803,0.009500261893247463,0.020199317668384557
128,0.128,0.0011202435627670668,0.009500261893247682,0.020199317668384557
129,0.129,0.000915086599366765,0.009500261893247892,0.020199317668384557
130,0.13,0.0007190761531664831,0.009500261893248093,0.020199317668384557
131,0.131,0.000532283773866212,0.009500261893248284,0.020199317668384557
132,0.132,0.0003547768442659522,0.009500261893248466,0.020199317668384557
133,0.133,0.00018661855716570956,0.009500261893248638,0.020199317668384557
134,0.134,2.7867894665480324e-05,0.009500261893248799,0.020199317668384557
135,0.135,-0.00012142039163473884,0.009500261893248953,0.020199317668384557
136,0.136,-0.0002611957975349443,0.009500261893249096,0.020199317668384557
137,0.137,-0.0003914120816351301,0.00950026189324923,0.020199317668384557
138,0.138,-0.0005120272790353089,0.009500261893249352,0.020199317668384557
139,0.139,-0.0006230037130354642,0.009500261893249465,0.020199317668384557
140,0.14,-0.000724308004435617,0.00950026189324957,0.020199317668384557
141,0.14100000000000001,-0.0008159110796357514,0.009500261893249665,0.020199317668384557
142,0.14200000000000002,-0.0008977881765358662,0.009500261893249748,0.020199317668384557
143,0.14300000000000002,-0.0009699188485359729,0.00950026189324982,0.020199317668384557
144,0.14400000000000002,-0.001032286966436066,0.009500261893249885,0.020199317668384557
145,0.145,-0.001084880718836142,0.009500261893249939,0.020199317668384557
146,0.146,-0.0011276926102362036,0.009500261893249982,0.020199317668384557
147,0.147,-0.001160719457636248,0.009500261893250017,0.020199317668384557
148,0.148,-0.0011839623850362854,0.00950026189325004,0.020199317668384557
149,0.149,-0.001197426815736306,0.009500261893250053,0.020199317668384557
150,0.15,-0.0012011224635363102,0.009500261893250058,0.020199317668384557
151,0.151,-0.0011950633211362976,0.009500261893250051,0.020199317668384557
152,0.152,-0.0011792676476362765,0.009500261893250036,0.020199317668384557
153,0.153,-0.0011537579532362367,0.00950026189325001,0.020199317668384557
154,0.154,-0.001118560982836188,0.009500261893249973,0.020199317668384557
155,0.155,-0.0010737076973361265,0.009500261893249927,0.020199317668384557
156,0.156,-0.0010192332536360412,0.009500261893249871,0.020199317668384557
157,0.157,-0.0009551769818359495,0.009500261893249807,0.020199317668384557
158,0.158,-0.000881582361735846,0.00950026189324973,0.020199317668384557
159,0.159,-0.0007984969972357219,0.009500261893249646,0.020199317668384557
160,0.16,-0.0007059725881355876,0.009500261893249552,0.020199317668384557
161,0.161,-0.0006040649017354416,0.009500261893249448,0.020199317668384557
162,0.162,-0.0004928337411352782,0.009500261893249333,0.020199317668384557
163,0.163,-0.0003723429126351041,0.00950026189324921,0.020199317668384557
164,0.164,-0.00024266019163491417,0.009500261893249077,0.020199317668384557
165,0.165,-0.00010385728593471082,0.009500261893248934,0.020199317668384557
166,0.166,4.399020156550271e-05,0.009500261893248783,0.020199317668384557
167,0.167,0.00020080281256573023,0.009500261893248624,0.020199317668384557
168,0.168,0.00036649727456597317,0.009500261893248454,0.020199317668384557
169,0.169,0.0005409865432662263,0.009500261893248275,0.020199317668384557
170,0.17,0.0007241798471664931,0.009500261893248088,0.020199317668384557
171,0.171,0.0009159827333667718,0.009500261893247892,0.020199317668384557
172,0.17200000000000001,0.0011162971148670616,0.009500261893247687,0.020199317668384557
173,0.17300000000000001,0.001325021319467362,0.009500261893247474,0.020199317668384557
174,0.17400000000000002,0.001542050140367679,0.009500261893247252,0.020199317668384557
175,0.17500000000000002,0.0017672748879680052,0.00950026189324702,0.020199317668384557
176,0.176,0.0020005834432683467,0.009500261893246782,0.020199317668384557
177,0.177,0.002241860312568696,0.009500261893246535,0.020199317668384557
178,0.178,0.0024909866837690615,0.00950026189324628,0.020199317668384557
179,0.179,0.0027478404837694335,0.009500261893246017,0.020199317668384557
180,0.18,0.003012296437369819,0.009500261893245746,0.020199317668384557
181,0.181,0.003284226127470209,0.009500261893245467,0.020199317668384557
182,0.182,0.003563498056670615,0.009500261893245182,0.020199317668384557
183,0.183,0.0038499777099710347,0.009500261893244889,0.020199317668384557
184,0.184,0.00414352761857146,0.009500261893244589,0.020199317668384557
185,0.185,0.0044440074250719,0.00950026189324428,0.020199317668384557
186,0.186,0.004751273949972347,0.009500261893243966,0.020199317668384557
187,0.187,0.005065181259072801,0.009500261893243645,0.020199317668384557
188,0.188,0.00538558073177327,0.009500261893243317,0.020199317668384557
189,0.189,0.005712321131073739,0.009500261893242982,0.020199317668384557
190,0.19,0.006045248674174222,0.00950026189324264,0.020199317668384557
191,0.191,0.006384207103774717,0.009500261893242296,0.020199317668384557
192,0.192,0.0067290377611752186,0.009500261893241942,0.020199317668384557
193,0.193,0.007079579659775731,0.009500261893241584,0.020199317668384557
194,0.194,0.007435669559476247,0.009500261893241218,0.020199317668384557
195,0.195,0.007797142041876769,0.009500261893240849,0.020199317668384557
196,0.196,0.008163829587077303,0.009500261893240474,0.020199317668384557
197,0.197,0.008535562649777846,0.009500261893240094,0.020199317668384557
198,0.198,0.008912169738078396,0.009500261893239709,0.020199317668384557
199,0.199,0.009293477491078948,0.009500261893239319,0.020199317668384557
200,0.2,0.009679310758579506,0.009500261893238923,0.020199317668384557
201,0.201,0.010069492680980075,0.009500261893238524,0.020199317668384557
202,0.202,0.01046384476938065,0.00950026189323812,0.020199317668384557
203,0.203,0.010862186987181227,0.009500261893237714,0.020199317668384557
204,0.20400000000000001,0.011264337831181808,0.009500261893237301,0.020199317668384557
205,0.20500000000000002,0.011670114413982404,0.009500261893236887,0.020199317668384557
206,0.20600000000000002,0.012079332546782997,0.009500261893236469,0.020199317668384557
207,0.20700000000000002,0.012491806822083597,0.009500261893236045,0.020199317668384557
208,0.20800000000000002,0.0129073506970842,0.00950026189323562,0.020199317668384557
209,0.209,0.013325776578184807,0.009500261893235192,0.020199317668384557
210,0.21,0.013746895904385423,0.00950026189323476,0.020199317668384557
211,0.211,0.014170519231986037,0.009500261893234326,0.020199317668384557
212,0.212,0.014596456319386657,0.00950026189323389,0.020199317668384557
213,0.213,0.015024516211987277,0.009500261893233454,0.020199317668384557
214,0.214,0.015454507327087901,0.009500261893233013,0.020199317668384557
215,0.215,0.01588623753938853,0.00950026189323257,0.020199317668384557
216,0.216,0.01631951426608916,0.009500261893232128,0.020199317668384557
217,0.217,0.01675414455238979,0.009500261893231682,0.020199317668384557
218,0.218,0.017189935156990424,0.009500261893231238,0.020199317668384557
219,0.219,0.017626692637191063,0.00950026189323079,0.020199317668384557
220,0.22,0.018064223434791696,0.009500261893230342,0.020199317668384557
221,0.221,0.018502333960792337,0.009500261893229894,0.020199317668384557
222,0.222,0.018940830680992973,0.009500261893229445,0.020199317668384557
223,0.223,0.019379520200793608,0.009500261893228997,0.020199317668384557
224,0.224,0.019818209349894245,0.009500261893228548,0.020199317668384557
225,0.225,0.020256705266994884,0.0095002618932281,0.020199317668384557
226,0.226,0.020694815484395522,0.009500261893227651,0.020199317668384557
227,0.227,0.021132348011196157,0.009500261893227203,0.020199317668384557
228,0.228,0.021569111417796792,0.009500261893226758,0.020199317668384557
229,0.229,0.022004914918497424,0.00950026189322631,0.020199317668384557
230,0.23,0.022439568454798053,0.009500261893225866,0.020199317668384557
231,0.231,0.022872882777398688,0.00950026189322542,0.020199317668384557
232,0.232,0.023304669528599314,0.009500261893224981,0.020199317668384557
233,0.233,0.023734741323299946,0.00950026189322454,0.020199317668384557
234,0.234,0.024162911829700567,0.009500261893224102,0.020199317668384557
235,0.23500000000000001,0.024588995850101176,0.009500261893223665,0.020199317668384557
236,0.23600000000000002,0.025012809400001796,0.009500261893223233,0.020199317668384557
237,0.23700000000000002,0.025434169787102407,0.0095002618932228,0.020199317668384557
238,0.23800000000000002,0.025852895689903014,0.009500261893222372,0.020199317668384557
239,0.23900000000000002,0.026268807234803623,0.009500261893221947,0.020199317668384557
240,0.24,0.026681726073104227,0.009500261893221524,0.020199317668384557
241,0.241,0.027091475457104816,0.009500261893221104,0.020199317668384557
242,0.242,0.027497880314705406,0.009500261893220688,0.020199317668384557
243,0.243,0.027900767324405995,0.009500261893220277,0.020199317668384557
244,0.244,0.02829996498820658,0.009500261893219867,0.020199317668384557
245,0.245,0.028695303704107143,0.009500261893219463,0.020199317668384557
246,0.246,0.029086615838107715,0.009500261893219062,0.020199317668384557
247,0.247,0.02947373579400828,0.009500261893218667,0.020199317668384557
248,0.248,0.02985650008380884,0.009500261893218275,0.020199317668384557
249,0.249,0.03023474739530939,0.009500261893217888,0.020199317668384557
250,0.25,0.030608318660509927,0.009500261893217506,0.020199317668384557
251,0.251,0.030977057121010464,0.009500261893217128,0.020199317668384557
252,0.252,0.031340808393911,0.009500261893216755,0.020199317668384557
253,0.253,0.03169942053561152,0.00950026189321639,0.020199317668384557
254,0.254,0.03205274410471203,0.009500261893216028,0.020199317668384557
255,0.255,0.03240063222381254,0.009500261893215671,0.020199317668384557
256,0.256,0.032742940640013034,0.009500261893215322,0.020199317668384557
257,0.257,0.033079527783813525,0.009500261893214977,0.020199317668384557
258,0.258,0.03341025482751401,0.009500261893214639,0.020199317668384557
259,0.259,0.033734985741414474,0.009500261893214306,0.020199317668384557
260,0.26,0.03405358734971494,0.00950026189321398,0.020199317668384557
261,0.261,0.03436592938391539,0.00950026189321366,0.020199317668384557
262,0.262,0.034671884535615836,0.009500261893213348,0.020199317668384557
263,0.263,0.03497132850821627,0.00950026189321304,0.020199317668384557
264,0.264,0.035264140065916695,0.009500261893212741,0.020199317668384557
265,0.265,0.035550201082717114,0.009500261893212448,0.020199317668384557
266,0.266,0.03582939658941752,0.009500261893212163,0.020199317668384557
267,0.267,0.03610161481864792,0.009500261893211884,0.020199317668384557
268,0.268,0.0363667472492683,0.009500261893211612,0.020199317668384557
269,0.269,0.03662468864877868,0.00950026189321135,0.020199317668384557
270,0.27,0.03687533711431904,0.009500261893211093,0.020199317668384557
271,0.271,0.0371185941121594,0.009500261893210843,0.020199317668384557
272,0.272,0.03735436451559974,0.009500261893210602,0.020199317668384557
273,0.273,0.03758255664140007,0.009500261893210368,0.020199317668384557
274,0.274,0.037803082284530394,0.009500261893210142,0.020199317668384557
275,0.275,0.0380158567514007,0.009500261893209926,0.020199317668384557
276,0.276,0.038220798891501,0.009500261893209716,0.020199317668384557
277,0.277,0.038417831127401283,0.009500261893209514,0.020199317668384557
278,0.278,0.03860687948314156,0.00950026189320932,0.020199317668384557
279,0.279,0.03878787361099182,0.009500261893209135,0.020199317668384557
280,0.28,0.03896074681659207,0.00950026189320896,0.020199317668384557
281,0.281,0.03912543608242231,0.00950026189320879,0.020199317668384557
282,0.28200000000000003,0.03928188208963254,0.00950026189320863,0.020199317668384557
283,0.28300000000000003,0.039430029238212747,0.009500261893208479,0.020199317668384557
284,0.28400000000000003,0.03956982566549296,0.009500261893208337,0.020199317668384557
285,0.28500000000000003,0.03970122326293315,0.009500261893208201,0.020199317668384557
286,0.28600000000000003,0.03982417769132332,0.009500261893208075,0.020199317668384557
287,0.28700000000000003,0.039938648394223494,0.009500261893207958,0.020199317668384557
288,0.28800000000000003,0.04004459860976365,0.009500261893207849,0.020199317668384557
289,0.289,0.040141995380693796,0.00950026189320775,0.020199317668384557
290,0.29,0.04023080956283391,0.009500261893207658,0.020199317668384557
291,0.291,0.040311015831804034,0.009500261893207577,0.020199317668384557
292,0.292,0.04038259268799414,0.009500261893207504,0.020199317668384557
293,0.293,0.04044552245994423,0.00950026189320744,0.020199317668384557
294,0.294,0.04049979130598431,0.009500261893207384,0.020199317668384557
295,0.295,0.04054538921418437,0.009500261893207337,0.020199317668384557
296,0.296,0.040582310000654424,0.0095002618932073,0.020199317668384557
297,0.297,0.040610551306124475,0.00950026189320727,0.020199317668384557
298,0.298,0.040630114590874504,0.00950026189320725,0.020199317668384557
299,0.299,0.04064100512799451,0.009500261893207239,0.020199317668384557
300,0.3,0.04064323199495452,0.009500261893207237,0.020199317668384557
301,0.301,0.04063680806353451,0.009500261893207244,0.020199317668384557
302,0.302,0.04062174998812449,0.00950026189320726,0.020199317668384557
303,0.303,0.04059807819230445,0.009500261893207284,0.020199317668384557
304,0.304,0.0405658168539044,0.009500261893207317,0.020199317668384557
305,0.305,0.04052499388830434,0.009500261893207358,0.020199317668384557
306,0.306,0.040475640930264276,0.009500261893207409,0.020199317668384557
307,0.307,0.04041779331397419,0.009500261893207467,0.020199317668384557
308,0.308,0.040351490051714095,0.009500261893207535,0.020199317668384557
309,0.309,0.04027677381072398,0.009500261893207611,0.020199317668384557
310,0.31,0.04019369088866386,0.009500261893207696,0.020199317668384557
311,0.311,0.04010229118743373,0.00950026189320779,0.020199317668384557
312,0.312,0.040002628185493584,0.009500261893207892,0.020199317668384557
313,0.313,0.03989475890859343,0.009500261893208004,0.020199317668384557
314,0.314,0.039778743899073266,0.009500261893208121,0.020199317668384557
315,0.315,0.03965464718359308,0.009500261893208248,0.020199317668384557
316,0.316,0.03952253623945289,0.009500261893208383,0.020199317668384557
317,0.317,0.039382481959362683,0.009500261893208527,0.020199317668384557
318,0.318,0.03923455861486247,0.009500261893208678,0.020199317668384557
319,0.319,0.03907884381822224,0.009500261893208838,0.020199317668384557
320,0.32,0.03891541848302201,0.009500261893209004,0.020199317668384557
321,0.321,0.03874436678326176,0.00950026189320918,0.020199317668384557
322,0.322,0.038565776111211494,0.009500261893209362,0.020199317668384557
323,0.323,0.03837973703374123,0.009500261893209553,0.020199317668384557
324,0.324,0.03818634324752095,0.00950026189320975,0.020199317668384557
325,0.325,0.03798569153280066,0.009500261893209957,0.020199317668384557
326,0.326,0.03777788170589035,0.009500261893210168,0.020199317668384557
327,0.327,0.03756301657048004,0.009500261893210389,0.020199317668384557
328,0.328,0.03734120186764971,0.009500261893210616,0.020199317668384557
329,0.329,0.037112546224669384,0.00950026189321085,0.020199317668384557
330,0.33,0.03687716110263904,0.009500261893211091,0.020199317668384557
331,0.331,0.03663516074296869,0.00950026189321134,0.020199317668384557
332,0.332,0.03638666211268833,0.009500261893211593,0.020199317668384557
333,0.333,0.03613178484869796,0.009500261893211853,0.020199317668384557
334,0.334,0.035870651200817574,0.00950026189321212,0.020199317668384557
335,0.335,0.03560338597411719,0.009500261893212394,0.020199317668384557
336,0.336,0.03533011646951679,0.009500261893212673,0.020199317668384557
337,0.337,0.03505097242421639,0.00950026189321296,0.020199317668384557
338,0.338,0.03476608595071598,0.009500261893213251,0.020199317668384557
339,0.339,0.03447559147471555,0.009500261893213548,0.020199317668384557
340,0.34,0.03417962567251512,0.009500261893213851,0.020199317668384557
341,0.341,0.03387832740741468,0.00950026189321416,0.020199317668384557
342,0.342,0.03357183766481424,0.009500261893214472,0.020199317668384557
343,0.343,0.03326029948711379,0.009500261893214791,0.020199317668384557
344,0.34400000000000003,0.03294385790761333,0.009500261893215116,0.020199317668384557
345,0.34500000000000003,0.03262265988341286,0.009500261893215444,0.020199317668384557
346,0.34600000000000003,0.032296854227512384,0.009500261893215779,0.020199317668384557
347,0.34700000000000003,0.03196659154091191,0.009500261893216117,0.020199317668384557
348,0.34800000000000003,0.03163202414331142,0.009500261893216459,0.020199317668384557
349,0.34900000000000003,0.031293306003210924,0.009500261893216804,0.020199317668384557
350,0.35000000000000003,0.03095059266781043,0.009500261893217156,0.020199317668384557
351,0.35100000000000003,0.03060404119220992,0.00950026189321751,0.020199317668384557
352,0.352,0.030253810067609417,0.009500261893217867,0.020199317668384557
353,0.353,0.029900059149508898,0.009500261893218231,0.020199317668384557
354,0.354,0.029542949585308384,0.009500261893218596,0.020199317668384557
355,0.355,0.029182643741507863,0.009500261893218963,0.020199317668384557
356,0.356,0.028819305130007328,0.009500261893219336,0.020199317668384557
357,0.357,0.028453098334506797,0.009500261893219711,0.020199317668384557
358,0.358,0.028084188936906264,0.00950026189322009,0.020199317668384557
359,0.359,0.027712743442205725,0.00950026189322047,0.020199317668384557
360,0.36,0.027338929204305182,0.009500261893220853,0.020199317668384557
361,0.361,0.02696291435080463,0.009500261893221236,0.020199317668384557
362,0.362,0.026584867708204077,0.009500261893221625,0.020199317668384557
363,0.363,0.026204958726003535,0.009500261893222011,0.020199317668384557
364,0.364,0.025823357401902978,0.009500261893222402,0.020199317668384557
365,0.365,0.02544023420560242,0.009500261893222794,0.020199317668384557
366,0.366,0.02505576000340186,0.009500261893223188,0.020199317668384557
367,0.367,0.024670105982301297,0.009500261893223583,0.020199317668384557
368,0.368,0.024283443574500737,0.009500261893223979,0.020199317668384557
369,0.369,0.023895944381200174,0.009500261893224374,0.020199317668384557
370,0.37,0.023507780097399608,0.009500261893224773,0.020199317668384557
371,0.371,0.023119122435699045,0.00950026189322517,0.020199317668384557
372,0.372,0.022730143051398477,0.009500261893225568,0.020199317668384557
373,0.373,0.022341013466497913,0.009500261893225967,0.020199317668384557
374,0.374,0.021951904995097346,0.009500261893226364,0.020199317668384557
375,0.375,0.021562988667896785,0.009500261893226763,0.020199317668384557
376,0.376,0.02117443515789622,0.00950026189322716,0.020199317668384557
377,0.377,0.020786414705595654,0.009500261893227557,0.020199317668384557
378,0.378,0.020399097044995092,0.009500261893227953,0.020199317668384557
379,0.379,0.020012651329794528,0.009500261893228348,0.020199317668384557
380,0.38,0.019627246059993966,0.009500261893228744,0.020199317668384557
381,0.381,0.019243049008693412,0.009500261893229138,0.020199317668384557
382,0.382,0.018860227149592852,0.009500261893229528,0.020199317668384557
383,0.383,0.018478946584892297,0.009500261893229918,0.020199317668384557
384,0.384,0.01809937247369175,0.009500261893230307,0.020199317668384557
385,0.385,0.0177216689608912,0.009500261893230694,0.020199317668384557
386,0.386,0.017345999106390654,0.009500261893231077,0.020199317668384557
387,0.387,0.01697252481539011,0.009500261893231459,0.020199317668384557
388,0.388,0.01660140676928957,0.00950026189323184,0.020199317668384557
389,0.389,0.016232804356289033,0.009500261893232217,0.020199317668384557
390,0.39,0.0158668756041885,0.009500261893232591,0.020199317668384557
391,0.391,0.015503777112487972,0.009500261893232964,0.020199317668384557
392,0.392,0.015143663986087451,0.00950026189323333,0.020199317668384557
393,0.393,0.014786689769586933,0.009500261893233697,0.020199317668384557
394,0.394,0.014433006382086421,0.009500261893234059,0.020199317668384557
395,0.395,0.01408276405288591,0.009500261893234416,0.020199317668384557
396,0.396,0.013736111258585404,0.009500261893234772,0.020199317668384557
397,0.397,0.013393194660084906,0.009500261893235124,0.020199317668384557
398,0.398,0.01305415904158441,0.00950026189323547,0.020199317668384557
399,0.399,0.012719147249183929,0.009500261893235813,0.020199317668384557
400,0.4,0.012388300131983445,0.009500261893236151,0.020199317668384557
401,0.401,0.012061756482782971,0.009500261893236486,0.020199317668384557
402,0.402,0.011739652980582502,0.009500261893236814,0.020199317668384557
403,0.403,0.011422124133782038,0.00950026189323714,0.020199317668384557
404,0.404,0.011109302224881589,0.00950026189323746,0.020199317668384557
405,0.405,0.010801317255181136,0.009500261893237775,0.020199317668384557
406,0.406,0.010498296891780699,0.009500261893238085,0.020199317668384557
407,0.40700000000000003,0.010200366415280264,0.00950026189323839,0.020199317668384557
408,0.40800000000000003,0.009907648668079838,0.009500261893238689,0.020199317668384557
409,0.40900000000000003,0.00962026400457942,0.009500261893238984,0.020199317668384557
410,0.41000000000000003,0.00933833024227901,0.009500261893239272,0.020199317668384557
411,0.41100000000000003,0.009061962613678611,0.009500261893239556,0.020199317668384557
412,0.41200000000000003,0.00879127372027822,0.009500261893239832,0.020199317668384557
413,0.41300000000000003,0.008526373486777832,0.009500261893240103,0.020199317668384557
414,0.41400000000000003,0.008267369117477455,0.009500261893240368,0.020199317668384557
415,0.41500000000000004,0.008014365053077087,0.009500261893240628,0.020199317668384557
416,0.41600000000000004,0.007767462929576726,0.00950026189324088,0.020199317668384557
417,0.417,0.007526761537676381,0.009500261893241126,0.020199317668384557
418,0.418,0.007292356784176042,0.009500261893241366,0.020199317668384557
419,0.419,0.007064341654375707,0.0095002618932416,0.020199317668384557
420,0.42,0.006842806175875386,0.009500261893241825,0.020199317668384557
421,0.421,0.006627837383475071,0.009500261893242046,0.020199317668384557
422,0.422,0.0064195192862747715,0.009500261893242259,0.020199317668384557
423,0.423,0.006217932834774479,0.009500261893242466,0.020199317668384557
424,0.424,0.006023155890974192,0.009500261893242663,0.020199317668384557
425,0.425,0.005835263198373918,0.009500261893242858,0.020199317668384557
426,0.426,0.005654326354873657,0.009500261893243041,0.020199317668384557
427,0.427,0.005480413785473405,0.00950026189324322,0.020199317668384557
428,0.428,0.005313590717973161,0.00950026189324339,0.020199317668384557
429,0.429,0.005153919158972929,0.009500261893243555,0.020199317668384557
430,0.43,0.005001457871872706,0.009500261893243711,0.020199317668384557
431,0.431,0.004856262356472499,0.009500261893243859,0.020199317668384557
432,0.432,0.004718384829272299,0.009500261893244,0.020199317668384557
433,0.433,0.0045878742063721065,0.009500261893244134,0.020199317668384557
434,0.434,0.004464776086771928,0.00950026189324426,0.020199317668384557
435,0.435,0.00434913273777176,0.009500261893244379,0.020199317668384557
436,0.436,0.004240983081771604,0.009500261893244488,0.020199317668384557
437,0.437,0.004140362684671456,0.00950026189324459,0.020199317668384557
438,0.438,0.004047303745171321,0.009500261893244686,0.020199317668384557
439,0.439,0.003961835086271195,0.009500261893244774,0.020199317668384557
440,0.44,0.0038839821479710853,0.009500261893244854,0.020199317668384557
441,0.441,0.003813766981470984,0.009500261893244925,0.020199317668384557
442,0.442,0.003751208245170888,0.00950026189324499,0.020199317668384557
443,0.443,0.003696321201170814,0.009500261893245047,0.020199317668384557
444,0.444,0.003649117714770739,0.009500261893245094,0.020199317668384557
445,0.445,0.003609606254270683,0.009500261893245135,0.020199317668384557
446,0.446,0.003577791892770636,0.009500261893245168,0.020199317668384557
447,0.447,0.0035536763113706046,0.00950026189324519,0.020199317668384557
448,0.448,0.0035372578038705763,0.009500261893245208,0.020199317668384557
449,0.449,0.00352853128287057,0.009500261893245217,0.020199317668384557
450,0.45,0.003527488287570567,0.009500261893245219,0.020199317668384557
451,0.451,0.0035341169925705742,0.009500261893245212,0.020199317668384557
452,0.452,0.0035484022187705928,0.009500261893245198,0.020199317668384557
453,0.453,0.0035703254454706236,0.009500261893245175,0.020199317668384557
454,0.454,0.003599864823370672,0.009500261893245146,0.020199317668384557
455,0.455,0.0036369951898707264,0.009500261893245106,0.020199317668384557
456,0.456,0.003681688085470787,0.00950026189324506,0.020199317668384557
457,0.457,0.0037339117712708683,0.009500261893245007,0.020199317668384557
458,0.458,0.003793631248570952,0.009500261893244946,0.020199317668384557
459,0.459,0.003860808278971047,0.009500261893244877,0.020199317668384557
460,0.46,0.0039354014068711555,0.0095002618932448,0.020199317668384557
461,0.461,0.004017365982371282,0.009500261893244719,0.020199317668384557
462,0.462,0.004106654186471404,0.009500261893244625,0.020199317668384557
463,0.463,0.004203215056571547,0.009500261893244526,0.020199317668384557
464,0.464,0.004306994514571701,0.00950026189324442,0.020199317668384557
465,0.465,0.004417935395171861,0.009500261893244308,0.020199317668384557
466,0.466,0.004535977476072034,0.009500261893244186,0.020199317668384557
467,0.467,0.004661057509472213,0.009500261893244058,0.020199317668384557
468,0.468,0.004793109254272406,0.009500261893243924,0.020199317668384557
469,0.46900000000000003,0.004932063510572607,0.009500261893243782,0.020199317668384557
470,0.47000000000000003,0.005077848154472818,0.009500261893243631,0.020199317668384557
471,0.47100000000000003,0.005230388174373038,0.009500261893243475,0.020199317668384557
472,0.47200000000000003,0.0053896057089732755,0.009500261893243314,0.020199317668384557
473,0.47300000000000003,0.005555420085473514,0.009500261893243144,0.020199317668384557
474,0.47400000000000003,0.005727747860273767,0.009500261893242967,0.020199317668384557
475,0.47500000000000003,0.0059065028592740244,0.009500261893242785,0.020199317668384557
476,0.47600000000000003,0.00609159622067429,0.009500261893242596,0.020199317668384557
477,0.47700000000000004,0.006282936438474573,0.0095002618932424,0.020199317668384557
478,0.47800000000000004,0.006480429406174858,0.009500261893242197,0.020199317668384557
479,0.47900000000000004,0.006683978463075157,0.009500261893241988,0.020199317668384557
480,0.48,0.006893484440575457,0.009500261893241773,0.020199317668384557
481,0.481,0.007108845709475773,0.009500261893241555,0.020199317668384557
482,0.482,0.007329958229276094,0.009500261893241328,0.020199317668384557
483,0.483,0.0075567155970764225,0.009500261893241095,0.020199317668384557
484,0.484,0.007789009098476759,0.009500261893240857,0.020199317668384557
485,0.485,0.008026727759277109,0.009500261893240616,0.020199317668384557
486,0.486,0.008269758397177456,0.009500261893240367,0.020199317668384557
487,0.487,0.008517985675977818,0.009500261893240112,0.020199317668384557
488,0.488,0.008771292158878185,0.009500261893239853,0.020199317668384557
489,0.489,0.00902955836397856,0.009500261893239588,0.020199317668384557
490,0.49,0.00929266282007895,0.009500261893239319,0.020199317668384557
491,0.491,0.009560482122879332,0.009500261893239045,0.020199317668384557
492,0.492,0.009832890992779729,0.009500261893238765,0.020199317668384557
493,0.493,0.010109762332780131,0.009500261893238483,0.020199317668384557
494,0.494,0.010390967286880541,0.009500261893238196,0.020199317668384557
495,0.495,0.01067637530028096,0.009500261893237903,0.020199317668384557
496,0.496,0.01096585417888138,0.009500261893237607,0.020199317668384557
497,0.497,0.011259270150381804,0.009500261893237306,0.020199317668384557
498,0.498,0.011556487925382233,0.009500261893237003,0.020199317668384557
499,0.499,0.011857370759282672,0.009500261893236694,0.020199317668384557
500,0.5,0.012161780515083119,0.009500261893236384,0.020199317668384557
501,0.501,0.012469577725883566,0.009500261893236068,0.020199317668384557
502,0.502,0.012780621658584016,0.00950026189323575,0.020199317668384557
503,0.503,0.01309477037758447,0.009500261893235428,0.020199317668384557
504,0.504,0.013411880809484935,0.009500261893235103,0.020199317668384557
505,0.505,0.013731808807385396,0.009500261893234776,0.020199317668384557
506,0.506,0.01405440921608587,0.009500261893234446,0.020199317668384557
507,0.507,0.014379535937786344,0.009500261893234113,0.020199317668384557
508,0.508,0.014707041997386816,0.009500261893233778,0.020199317668384557
509,0.509,0.015036779608887295,0.009500261893233442,0.020199317668384557
510,0.51,0.01536860024138778,0.0095002618932331,0.020199317668384557
511,0.511,0.015702354685788265,0.00950026189323276,0.020199317668384557
512,0.512,0.016037893121288747,0.009500261893232416,0.020199317668384557
513,0.513,0.016375065182289237,0.009500261893232071,0.020199317668384557
514,0.514,0.01671372002548973,0.009500261893231724,0.020199317668384557
515,0.515,0.01705370639679023,0.009500261893231377,0.020199317668384557
516,0.516,0.017394872698390722,0.009500261893231029,0.020199317668384557
517,0.517,0.01773706705649122,0.009500261893230676,0.020199317668384557
518,0.518,0.01808013738779172,0.009500261893230326,0.020199317668384557
519,0.519,0.01842393146719222,0.009500261893229976,0.020199317668384557
520,0.52,0.01876829699459272,0.009500261893229622,0.020199317668384557
521,0.521,0.01911308166249322,0.00950026189322927,0.020199317668384557
522,0.522,0.01945813322219372,0.009500261893228916,0.020199317668384557
523,0.523,0.019803299551294225,0.009500261893228563,0.020199317668384557
524,0.524,0.020148428720294726,0.00950026189322821,0.020199317668384557
525,0.525,0.02049336905869523,0.009500261893227857,0.020199317668384557
526,0.526,0.02083796922139573,0.009500261893227504,0.020199317668384557
527,0.527,0.02118207825509623,0.009500261893227151,0.020199317668384557
528,0.528,0.02152554566359673,0.009500261893226801,0.020199317668384557
529,0.529,0.02186822147339722,0.00950026189322645,0.020199317668384557
530,0.53,0.022209956298797726,0.0095002618932261,0.020199317668384557
531,0.531,0.02255060140639822,0.009500261893225751,0.020199317668384557
532,0.532,0.02289000878009871,0.009500261893225405,0.020199317668384557
533,0.533,0.0232280311840992,0.00950026189322506,0.020199317668384557
534,0.534,0.02356452222729969,0.009500261893224714,0.020199317668384557
535,0.535,0.023899336425500177,0.009500261893224372,0.020199317668384557
536,0.536,0.024232329264500658,0.00950026189322403,0.020199317668384557
537,0.537,0.024563357261801144,0.009500261893223692,0.020199317668384557
538,0.538,0.024892278028201622,0.009500261893223356,0.020199317668384557
539,0.539,0.025218950328302098,0.009500261893223021,0.020199317668384557
540,0.54,0.02554323414130257,0.00950026189322269,0.020199317668384557
541,0.541,0.025864990720103037,0.00950026189322236,0.020199317668384557
542,0.542,0.026184082650503503,0.009500261893222034,0.020199317668384557
543,0.543,0.02650037390950396,0.00950026189322171,0.020199317668384557
544,0.544,0.02681372992290442,0.009500261893221389,0.020199317668384557
545,0.545,0.027124017621804865,0.009500261893221071,0.020199317668384557
546,0.546,0.02743110549940532,0.009500261893220757,0.020199317668384557
547,0.547,0.02773486366540575,0.009500261893220447,0.020199317668384557
548,0.548,0.028035163901406195,0.00950026189322014,0.020199317668384557
549,0.549,0.028331879714006622,0.009500261893219834,0.020199317668384557
550,0.55,0.028624886387907045,0.009500261893219536,0.020199317668384557
551,0.551,0.02891406103790747,0.00950026189321924,0.020199317668384557
552,0.552,0.029199282659807882,0.009500261893218948,0.020199317668384557
553,0.553,0.029480432180908293,0.00950026189321866,0.020199317668384557
554,0.554,0.029757392509008686,0.009500261893218377,0.020199317668384557
555,0.555,0.03003004858070909,0.009500261893218096,0.020199317668384557
556,0.556,0.030298287409109476,0.009500261893217824,0.020199317668384557
557,0.557,0.030561998129609868,0.009500261893217553,0.020199317668384557
558,0.558,0.030821072045810246,0.009500261893217288,0.020199317668384557
559,0.559,0.03107540267341061,0.009500261893217028,0.020199317668384557
560,0.56,0.03132488578381097,0.009500261893216773,0.020199317668384557
561,0.561,0.03156941944591133,0.009500261893216523,0.020199317668384557
562,0.562,0.031808904067711676,0.009500261893216278,0.020199317668384557
563,0.5630000000000001,0.03204324243611202,0.009500261893216037,0.020199317668384557
564,0.5640000000000001,0.03227233975591236,0.009500261893215803,0.020199317668384557
565,0.5650000000000001,0.03249610368751267,0.009500261893215574,0.020199317668384557
566,0.5660000000000001,0.03271444438361299,0.00950026189321535,0.020199317668384557
567,0.5670000000000001,0.032927274525113306,0.009500261893215133,0.020199317668384557
568,0.5680000000000001,0.0331345093547136,0.009500261893214922,0.020199317668384557
569,0.5690000000000001,0.0333360667107139,0.009500261893214713,0.020199317668384557
570,0.5700000000000001,0.033531867058714186,0.009500261893214514,0.020199317668384557
571,0.5710000000000001,0.033721833522514455,0.00950026189321432,0.020199317668384557
572,0.5720000000000001,0.033905891913414726,0.009500261893214132,0.020199317668384557
573,0.5730000000000001,0.03408397075901499,0.009500261893213948,0.020199317668384557
574,0.5740000000000001,0.03425600132951523,0.009500261893213773,0.020199317668384557
575,0.5750000000000001,0.03442191766441547,0.009500261893213603,0.020199317668384557
576,0.5760000000000001,0.034581656596415704,0.00950026189321344,0.020199317668384557
577,0.577,0.034735157775215936,0.009500261893213282,0.020199317668384557
578,0.578,0.03488236368921615,0.009500261893213131,0.020199317668384557
579,0.579,0.03502321968621635,0.009500261893212987,0.020199317668384557
580,0.58,0.035157673993216544,0.00950026189321285,0.020199317668384557
581,0.581,0.03528567773431673,0.00950026189321272,0.020199317668384557
582,0.582,0.0354071849476169,0.009500261893212595,0.020199317668384557
583,0.583,0.035522152600717075,0.009500261893212477,0.020199317668384557
584,0.584,0.035630540605217226,0.009500261893212365,0.020199317668384557
585,0.585,0.035732311829217385,0.009500261893212262,0.020199317668384557
586,0.586,0.03582743210911752,0.009500261893212165,0.020199317668384557
587,0.587,0.03591587026011764,0.009500261893212075,0.020199317668384557
588,0.588,0.03599759808484777,0.009500261893211992,0.020199317668384557
589,0.589,0.03607259038097787,0.009500261893211914,0.020199317668384557
590,0.59,0.03614082494775797,0.009500261893211844,0.020199317668384557
591,0.591,0.036202282590808064,0.009500261893211782,0.020199317668384557
592,0.592,0.03625694712578814,0.009500261893211724,0.020199317668384557
593,0.593,0.03630480538068821,0.009500261893211678,0.020199317668384557
594,0.594,0.03634584719683827,0.009500261893211634,0.020199317668384557
595,0.595,0.03638006542850832,0.0095002618932116,0.020199317668384557
596,0.596,0.03640745594127836,0.00950026189321157,0.020199317668384557
597,0.597,0.03642801760901839,0.00950026189321155,0.020199317668384557
598,0.598,0.03644175230957841,0.009500261893211537,0.020199317668384557
599,0.599,0.036448664919148416,0.009500261893211528,0.020199317668384557
600,0.6,0.03644876330533842,0.009500261893211528,0.020199317668384557
601,0.601,0.036442058318948416,0.009500261893211537,0.020199317668384557
602,0.602,0.0364285637843984,0.00950026189321155,0.020199317668384557
603,0.603,0.03640829648888835,0.00950026189321157,0.020199317668384557
604,0.604,0.03638127617034832,0.009500261893211598,0.020199317668384557
605,0.605,0.036347525503958276,0.009500261893211633,0.020199317668384557
606,0.606,0.036307070087548216,0.009500261893211674,0.020199317668384557
607,0.607,0.03625993842563814,0.009500261893211723,0.020199317668384557
608,0.608,0.03620616191225806,0.009500261893211777,0.020199317668384557
609,0.609,0.03614577481256798,0.009500261893211837,0.020199317668384557
610,0.61,0.036078814243147884,0.009500261893211908,0.020199317668384557
611,0.611,0.03600532015114777,0.009500261893211981,0.020199317668384557
612,0.612,0.03592533529221766,0.009500261893212065,0.020199317668384557
613,0.613,0.035838905207117536,0.009500261893212155,0.020199317668384557
614,0.614,0.0357460781975174,0.009500261893212248,0.020199317668384557
615,0.615,0.035646905300017254,0.009500261893212349,0.020199317668384557
616,0.616,0.0355414402594171,0.009500261893212458,0.020199317668384557
617,0.617,0.03542973950101694,0.009500261893212573,0.020199317668384557
618,0.618,0.03531186210121677,0.009500261893212692,0.020199317668384557
619,0.619,0.035187869757316595,0.009500261893212819,0.020199317668384557
620,0.62,0.0350578267565164,0.009500261893212953,0.020199317668384557
621,0.621,0.0349217999431162,0.009500261893213091,0.020199317668384557
622,0.622,0.03477985868541599,0.009500261893213237,0.020199317668384557
623,0.623,0.03463207484081578,0.009500261893213388,0.020199317668384557
624,0.624,0.034478522720515555,0.009500261893213546,0.020199317668384557
625,0.625,0.03431927905281532,0.009500261893213709,0.020199317668384557
626,0.626,0.03415442294551508,0.009500261893213877,0.020199317668384557
627,0.627,0.033984035847414835,0.00950026189321405,0.020199317668384557
628,0.628,0.03380820150851459,0.009500261893214231,0.020199317668384557
629,0.629,0.03362700594011432,0.009500261893214417,0.020199317668384557
630,0.63,0.03344053737241405,0.009500261893214608,0.020199317668384557
631,0.631,0.03324888621321377,0.009500261893214804,0.020199317668384557
632,0.632,0.033052145004013475,0.009500261893215005,0.020199317668384557
633,0.633,0.032850408376013183,0.009500261893215211,0.020199317668384557
634,0.634,0.0326437730055129,0.009500261893215423,0.020199317668384557
635,0.635,0.032432337567712584,0.00950026189321564,0.020199317668384557
636,0.636,0.032216202690312265,0.00950026189321586,0.020199317668384557
637,0.637,0.03199547090641195,0.009500261893216086,0.020199317668384557
638,0.638,0.03177024660571162,0.009500261893216316,0.020199317668384557
639,0.639,0.03154063598651129,0.009500261893216552,0.020199317668384557
640,0.64,0.03130674700531094,0.009500261893216792,0.020199317668384557
641,0.641,0.0310686893273106,0.009500261893217034,0.020199317668384557
642,0.642,0.030826574274810243,0.009500261893217283,0.020199317668384557
643,0.643,0.030580514775909888,0.009500261893217534,0.020199317668384557
644,0.644,0.030330625312309532,0.00950026189321779,0.020199317668384557
645,0.645,0.030077021866609155,0.00950026189321805,0.020199317668384557
646,0.646,0.029819821868508782,0.009500261893218313,0.020199317668384557
647,0.647,0.0295591441413084,0.009500261893218578,0.020199317668384557
648,0.648,0.029295108847208026,0.009500261893218849,0.020199317668384557
649,0.649,0.02902783743240763,0.009500261893219123,0.020199317668384557
650,0.65,0.028757452571607237,0.009500261893219399,0.020199317668384557
651,0.651,0.028484078112206844,0.00950026189321968,0.020199317668384557
652,0.652,0.028207839017906442,0.009500261893219963,0.020199317668384557
653,0.653,0.027928861312106038,0.009500261893220249,0.020199317668384557
654,0.654,0.02764727202060563,0.009500261893220535,0.020199317668384557
655,0.655,0.027363199114205216,0.009500261893220827,0.020199317668384557
656,0.656,0.0270767714511048,0.00950026189322112,0.020199317668384557
657,0.657,0.02678811871860438,0.009500261893221415,0.020199317668384557
658,0.658,0.026497371375203957,0.009500261893221713,0.020199317668384557
659,0.659,0.026204660591203528,0.009500261893222011,0.020199317668384557
660,0.66,0.025910118190803105,0.009500261893222313,0.020199317668384557
661,0.661,0.025613876592502673,0.009500261893222617,0.020199317668384557
662,0.662,0.02531606875000224,0.009500261893222922,0.020199317668384557
663,0.663,0.0250168280934018,0.009500261893223227,0.020199317668384557
664,0.664,0.02471628846900137,0.009500261893223536,0.020199317668384557
665,0.665,0.024414584080400925,0.009500261893223845,0.020199317668384557
666,0.666,0.024111849428600486,0.009500261893224154,0.020199317668384557
667,0.667,0.023808219252700047,0.009500261893224464,0.020199317668384557
668,0.668,0.023503828469799606,0.009500261893224777,0.020199317668384557
669,0.669,0.02319881211589916,0.009500261893225089,0.020199317668384557
670,0.67,0.022893305286098713,0.0095002618932254,0.020199317668384557
671,0.671,0.022587443075098274,0.009500261893225713,0.020199317668384557
672,0.672,0.022281360517997825,0.009500261893226027,0.020199317668384557
673,0.673,0.02197519253069738,0.00950026189322634,0.020199317668384557
674,0.674,0.021669073850996937,0.009500261893226654,0.020199317668384557
675,0.675,0.02136313897959649,0.009500261893226968,0.020199317668384557
676,0.676,0.021057522121696048,0.009500261893227278,0.020199317668384557
677,0.677,0.020752357127595603,0.009500261893227592,0.020199317668384557
678,0.678,0.02044777743529516,0.009500261893227904,0.020199317668384557
679,0.679,0.02014391601199472,0.009500261893228215,0.020199317668384557
680,0.68,0.01984090529669428,0.009500261893228524,0.020199317668384557
681,0.681,0.01953887714259384,0.009500261893228834,0.020199317668384557
682,0.682,0.019237962759993402,0.009500261893229141,0.020199317668384557
683,0.683,0.01893829266009297,0.009500261893229448,0.020199317668384557
684,0.684,0.018639996597992533,0.009500261893229753,0.020199317668384557
685,0.685,0.0183432035175921,0.009500261893230057,0.020199317668384557
686,0.686,0.018048041495891672,0.009500261893230359,0.020199317668384557
687,0.687,0.017754637687891248,0.009500261893230659,0.020199317668384557
688,0.6880000000000001,0.01746311827239082,0.009500261893230957,0.020199317668384557
689,0.6890000000000001,0.0171736083980904,0.009500261893231254,0.020199317668384557
690,0.6900000000000001,0.01688623213018998,0.009500261893231547,0.020199317668384557
691,0.6910000000000001,0.016601112397289567,0.00950026189323184,0.020199317668384557
692,0.6920000000000001,0.01631837093978916,0.009500261893232128,0.020199317668384557
693,0.6930000000000001,0.01603812825758875,0.009500261893232416,0.020199317668384557
694,0.6940000000000001,0.01576050355958835,0.0095002618932327,0.020199317668384557
695,0.6950000000000001,0.015485614712987948,0.009500261893232982,0.020199317668384557
696,0.6960000000000001,0.015213578193987552,0.00950026189323326,0.020199317668384557
697,0.6970000000000001,0.014944509038387161,0.009500261893233535,0.020199317668384557
698,0.6980000000000001,0.014678520793686775,0.009500261893233808,0.020199317668384557
699,0.6990000000000001,0.01441572547138639,0.009500261893234076,0.020199317668384557
700,0.7000000000000001,0.014156233499986013,0.009500261893234342,0.020199317668384557
701,0.7010000000000001,0.013900153679485647,0.009500261893234604,0.020199317668384557
702,0.7020000000000001,0.013647593135685277,0.009500261893234862,0.020199317668384557
703,0.7030000000000001,0.013398657275884913,0.009500261893235117,0.020199317668384557
704,0.704,0.013153449745484559,0.009500261893235369,0.020199317668384557
705,0.705,0.012912072385084204,0.009500261893235615,0.020199317668384557
706,0.706,0.01267462518838386,0.009500261893235858,0.020199317668384557
707,0.707,0.012441206261583525,0.009500261893236097,0.020199317668384557
708,0.708,0.012211911783183193,0.009500261893236332,0.020199317668384557
709,0.709,0.01198683596438286,0.009500261893236562,0.020199317668384557
710,0.71,0.011766071011382544,0.009500261893236788,0.020199317668384557
711,0.711,0.011549707087582229,0.00950026189323701,0.020199317668384557
712,0.712,0.011337832277581917,0.009500261893237225,0.020199317668384557
713,0.713,0.011130532551381618,0.009500261893237438,0.020199317668384557
714,0.714,0.010927891730481327,0.009500261893237645,0.020199317668384557
715,0.715,0.010729991453781035,0.009500261893237848,0.020199317668384557
716,0.716,0.010536911145980755,0.009500261893238047,0.020199317668384557
717,0.717,0.010348727985480484,0.009500261893238238,0.020199317668384557
718,0.718,0.010165516874480213,0.009500261893238425,0.020199317668384557
719,0.719,0.009987350409479958,0.00950026189323861,0.020199317668384557
720,0.72,0.009814298853379706,0.009500261893238786,0.020199317668384557
721,0.721,0.00964643010767946,0.009500261893238956,0.020199317668384557
722,0.722,0.009483809687079223,0.009500261893239123,0.020199317668384557
723,0.723,0.009326500694078995,0.009500261893239284,0.020199317668384557
724,0.724,0.009174563795378773,0.00950026189323944,0.020199317668384557
725,0.725,0.009028057198778564,0.009500261893239591,0.020199317668384557
726,0.726,0.008887036631678355,0.009500261893239733,0.020199317668384557
727,0.727,0.008751555320678162,0.009500261893239874,0.020199317668384557
728,0.728,0.008621663971977972,0.009500261893240006,0.020199317668384557
729,0.729,0.008497410753177788,0.009500261893240132,0.020199317668384557
730,0.73,0.008378841276177615,0.009500261893240255,0.020199317668384557
731,0.731,0.008265998581177453,0.009500261893240368,0.020199317668384557
732,0.732,0.008158923121977297,0.00950026189324048,0.020199317668384557
733,0.733,0.008057652752177152,0.009500261893240583,0.020199317668384557
734,0.734,0.00796222271277701,0.00950026189324068,0.020199317668384557
735,0.735,0.007872665620676882,0.009500261893240772,0.020199317668384557
736,0.736,0.0077890114590767594,0.009500261893240857,0.020199317668384557
737,0.737,0.007711287567776646,0.009500261893240937,0.020199317668384557
738,0.738,0.007639518635776543,0.00950026189324101,0.020199317668384557
739,0.739,0.007573726694776445,0.009500261893241078,0.020199317668384557
740,0.74,0.0075139311134763635,0.009500261893241138,0.020199317668384557
741,0.741,0.0074601485933762845,0.009500261893241194,0.020199317668384557
742,0.742,0.007412393165876211,0.009500261893241243,0.020199317668384557
743,0.743,0.00737067619007615,0.009500261893241286,0.020199317668384557
744,0.744,0.007335006352376103,0.009500261893241322,0.020199317668384557
745,0.745,0.007305389666576057,0.009500261893241352,0.020199317668384557
746,0.746,0.007281829475876026,0.009500261893241378,0.020199317668384557
747,0.747,0.007264326455576,0.009500261893241395,0.020199317668384557
748,0.748,0.007252878616675982,0.009500261893241407,0.020199317668384557
749,0.749,0.007247481311475973,0.009500261893241413,0.020199317668384557
750,0.75,0.0072481272397759726,0.00950026189324141,0.020199317668384557
751,0.751,0.00725480645617598,0.009500261893241404,0.020199317668384557
752,0.752,0.007267506378676004,0.009500261893241392,0.020199317668384557
753,0.753,0.007286211798476032,0.009500261893241373,0.020199317668384557
754,0.754,0.007310904891176068,0.009500261893241347,0.020199317668384557
755,0.755,0.007341565228076108,0.009500261893241315,0.020199317668384557
756,0.756,0.007378169789976162,0.009500261893241279,0.020199317668384557
757,0.757,0.007420692981376228,0.009500261893241236,0.020199317668384557
758,0.758,0.007469106645276291,0.009500261893241185,0.020199317668384557
759,0.759,0.007523380080276374,0.00950026189324113,0.020199317668384557
760,0.76,0.007583480058076463,0.009500261893241069,0.020199317668384557
761,0.761,0.007649370841576558,0.009500261893241001,0.020199317668384557
762,0.762,0.0077210142052766585,0.009500261893240927,0.020199317668384557
763,0.763,0.007798369455676772,0.009500261893240849,0.020199317668384557
764,0.764,0.007881393453276897,0.009500261893240764,0.020199317668384557
765,0.765,0.007970040635177025,0.009500261893240674,0.020199317668384557
766,0.766,0.008064263039477161,0.009500261893240576,0.020199317668384557
767,0.767,0.008164010329677307,0.009500261893240474,0.020199317668384557
768,0.768,0.00826922982107746,0.009500261893240367,0.020199317668384557
769,0.769,0.00837986650707762,0.009500261893240254,0.020199317668384557
770,0.77,0.008495863087677786,0.009500261893240134,0.020199317668384557
771,0.771,0.008617159998277961,0.009500261893240011,0.020199317668384557
772,0.772,0.008743695438978146,0.00950026189323988,0.020199317668384557
773,0.773,0.008875405405778341,0.009500261893239745,0.020199317668384557
774,0.774,0.009012223722278535,0.009500261893239605,0.020199317668384557
775,0.775,0.009154082071778742,0.009500261893239461,0.020199317668384557
776,0.776,0.009300910031178961,0.009500261893239312,0.020199317668384557
777,0.777,0.009452635105279177,0.009500261893239156,0.020199317668384557
778,0.778,0.009609182761779404,0.009500261893238996,0.020199317668384557
779,0.779,0.009770476467279639,0.00950026189323883,0.020199317668384557
780,0.78,0.009936437724279882,0.009500261893238661,0.020199317668384557
781,0.781,0.01010698610878013,0.009500261893238484,0.020199317668384557
782,0.782,0.010282039308780383,0.009500261893238307,0.020199317668384557
783,0.783,0.010461513163280643,0.009500261893238124,0.020199317668384557
784,0.784,0.01064532170238091,0.009500261893237934,0.020199317668384557
785,0.785,0.010833377188081184,0.009500261893237742,0.020199317668384557
786,0.786,0.011025590155381466,0.009500261893237546,0.020199317668384557
787,0.787,0.01122186945478175,0.009500261893237345,0.020199317668384557
788,0.788,0.011422122294582037,0.00950026189323714,0.020199317668384557
789,0.789,0.01162625428468234,0.00950026189323693,0.020199317668384557
790,0.79,0.011834169480482638,0.009500261893236718,0.020199317668384557
791,0.791,0.012045770427282948,0.009500261893236502,0.020199317668384557
792,0.792,0.012260958206283262,0.009500261893236281,0.020199317668384557
793,0.793,0.01247963247958358,0.009500261893236057,0.020199317668384557
794,0.794,0.0127016915370839,0.00950026189323583,0.020199317668384557
795,0.795,0.012927032343084227,0.0095002618932356,0.020199317668384557
796,0.796,0.013155550583984564,0.009500261893235365,0.020199317668384557
797,0.797,0.013387140716084895,0.00950026189323513,0.020199317668384557
798,0.798,0.013621696013685241,0.00950026189323489,0.020199317668384557
799,0.799,0.013859108618485588,0.009500261893234647,0.020199317668384557
800,0.8,0.014099269588085928,0.009500261893234399,0.020199317668384557
801,0.801,0.014342068946186283,0.009500261893234153,0.020199317668384557
802,0.802,0.014587395732386639,0.009500261893233901,0.020199317668384557
803,0.803,0.014835138052487002,0.009500261893233648,0.020199317668384557
804,0.804,0.015085183129387364,0.009500261893233391,0.020199317668384557
805,0.805,0.015337417353587733,0.009500261893233133,0.020199317668384557
806,0.806,0.015591726335088102,0.009500261893232873,0.020199317668384557
807,0.807,0.015847994954588475,0.00950026189323261,0.020199317668384557
808,0.808,0.01610610741518885,0.009500261893232347,0.020199317668384557
809,0.809,0.016365947294589223,0.009500261893232081,0.020199317668384557
810,0.81,0.01662739759728961,0.009500261893231813,0.020199317668384557
811,0.811,0.016890340806689986,0.009500261893231544,0.020199317668384557
812,0.812,0.017154658937790373,0.009500261893231273,0.020199317668384557
813,0.8130000000000001,0.01742023358969076,0.009500261893231,0.020199317668384557
814,0.8140000000000001,0.01768694599839115,0.009500261893230728,0.020199317668384557
815,0.8150000000000001,0.017954677089791538,0.009500261893230454,0.020199317668384557
816,0.8160000000000001,0.018223307531991927,0.00950026189323018,0.020199317668384557
817,0.8170000000000001,0.01849271778869232,0.009500261893229904,0.020199317668384557
818,0.8180000000000001,0.01876278817169271,0.009500261893229629,0.020199317668384557
819,0.8190000000000001,0.019033398894093105,0.009500261893229351,0.020199317668384557
820,0.8200000000000001,0.019304430122993498,0.009500261893229073,0.020199317668384557
821,0.8210000000000001,0.019575762031893894,0.009500261893228796,0.020199317668384557
822,0.8220000000000001,0.01984727485409429,0.009500261893228518,0.020199317668384557
823,0.8230000000000001,0.020118848934494685,0.00950026189322824,0.020199317668384557
824,0.8240000000000001,0.02039036478249508,0.009500261893227962,0.020199317668384557
825,0.8250000000000001,0.02066170312419547,0.009500261893227684,0.020199317668384557
826,0.8260000000000001,0.020932744954195864,0.009500261893227408,0.020199317668384557
827,0.8270000000000001,0.021203371587996258,0.00950026189322713,0.020199317668384557
828,0.8280000000000001,0.021473464713196652,0.009500261893226853,0.020199317668384557
829,0.8290000000000001,0.02174290644109704,0.009500261893226579,0.020199317668384557
830,0.8300000000000001,0.022011579357897434,0.009500261893226303,0.020199317668384557
831,0.8310000000000001,0.02227936657549782,0.009500261893226029,0.020199317668384557
832,0.8320000000000001,0.022546151782098213,0.009500261893225757,0.020199317668384557
833,0.833,0.0228118192920986,0.009500261893225484,0.020199317668384557
834,0.834,0.02307625409659898,0.009500261893225214,0.020199317668384557
835,0.835,0.02333934191229936,0.009500261893224945,0.020199317668384557
836,0.836,0.023600969230799747,0.009500261893224676,0.020199317668384557
837,0.837,0.023861023367200127,0.00950026189322441,0.020199317668384557
838,0.838,0.0241193925086005,0.009500261893224147,0.020199317668384557
839,0.839,0.024375965761300872,0.009500261893223883,0.020199317668384557
840,0.84,0.02463063319880124,0.009500261893223623,0.020199317668384557
841,0.841,0.02488328590780161,0.009500261893223364,0.020199317668384557
842,0.842,0.025133816035101973,0.009500261893223108,0.020199317668384557
843,0.843,0.025382116833202333,0.009500261893222854,0.020199317668384557
844,0.844,0.025628082704902688,0.009500261893222603,0.020199317668384557
845,0.845,0.025871609248903048,0.009500261893222353,0.020199317668384557
846,0.846,0.026112593302703397,0.009500261893222107,0.020199317668384557
847,0.847,0.02635093298680374,0.009500261893221862,0.020199317668384557
848,0.848,0.026586527747104082,0.009500261893221621,0.020199317668384557
849,0.849,0.026819278396804425,0.009500261893221383,0.020199317668384557
850,0.85,0.027049087158404754,0.009500261893221148,0.020199317668384557
851,0.851,0.027275857703705095,0.009500261893220917,0.020199317668384557
852,0.852,0.027499495194405418,0.009500261893220688,0.020199317668384557
853,0.853,0.027719906321105735,0.009500261893220462,0.020199317668384557
854,0.854,0.027936999342206045,0.009500261893220239,0.020199317668384557
855,0.855,0.02815068412130636,0.009500261893220022,0.020199317668384557
856,0.856,0.02836087216450666,0.009500261893219805,0.020199317668384557
857,0.857,0.028567476656706968,0.009500261893219595,0.020199317668384557
858,0.858,0.02877041249710726,0.009500261893219387,0.020199317668384557
859,0.859,0.028969596333807555,0.009500261893219184,0.020199317668384557
860,0.86,0.029164946597407832,0.009500261893218983,0.020199317668384557
861,0.861,0.02935638353470811,0.009500261893218787,0.020199317668384557
862,0.862,0.029543829240008385,0.009500261893218594,0.020199317668384557
863,0.863,0.029727207687208653,0.009500261893218408,0.020199317668384557
864,0.864,0.02990644475950891,0.009500261893218225,0.020199317668384557
865,0.865,0.03008146827960916,0.009500261893218044,0.020199317668384557
866,0.866,0.030252208037709415,0.00950026189321787,0.020199317668384557
867,0.867,0.03041859581980966,0.009500261893217699,0.020199317668384557
868,0.868,0.030580565434009888,0.009500261893217534,0.020199317668384557
869,0.869,0.03073805273661012,0.009500261893217373,0.020199317668384557
870,0.87,0.030890995657310343,0.009500261893217217,0.020199317668384557
871,0.871,0.03103933422251056,0.009500261893217064,0.020199317668384557
872,0.872,0.031183010579010764,0.009500261893216918,0.020199317668384557
873,0.873,0.03132196901561097,0.009500261893216776,0.020199317668384557
874,0.874,0.03145615598441116,0.009500261893216639,0.020199317668384557
875,0.875,0.03158552012061135,0.009500261893216507,0.020199317668384557
876,0.876,0.03171001226211153,0.009500261893216379,0.020199317668384557
877,0.877,0.031829585467111704,0.009500261893216256,0.020199317668384557
878,0.878,0.03194419503131187,0.00950026189321614,0.020199317668384557
879,0.879,0.032053798504212035,0.009500261893216027,0.020199317668384557
880,0.88,0.032158355703912185,0.00950026189321592,0.020199317668384557
881,0.881,0.032257828731312325,0.009500261893215817,0.020199317668384557
882,0.882,0.03235218198311247,0.009500261893215721,0.020199317668384557
883,0.883,0.0324413821636126,0.00950026189321563,0.020199317668384557
884,0.884,0.032525398295912715,0.009500261893215544,0.020199317668384557
885,0.885,0.03260420173161283,0.009500261893215465,0.020199317668384557
886,0.886,0.03267776616001294,0.009500261893215388,0.020199317668384557
887,0.887,0.03274606761531304,0.009500261893215319,0.020199317668384557
888,0.888,0.03280908448411313,0.009500261893215255,0.020199317668384557
889,0.889,0.03286679751081322,0.009500261893215194,0.020199317668384557
890,0.89,0.03291918980221329,0.00950026189321514,0.020199317668384557
891,0.891,0.03296624683141336,0.009500261893215093,0.020199317668384557
892,0.892,0.03300795644021341,0.00950026189321505,0.020199317668384557
893,0.893,0.03304430884071347,0.009500261893215014,0.020199317668384557
894,0.894,0.03307529661591352,0.009500261893214982,0.020199317668384557
895,0.895,0.033100914719113556,0.009500261893214955,0.020199317668384557
896,0.896,0.03312116047251359,0.009500261893214934,0.020199317668384557
897,0.897,0.03313603356421361,0.00950026189321492,0.020199317668384557
898,0.898,0.03314553604491362,0.00950026189321491,0.020199317668384557
899,0.899,0.033149672323113624,0.009500261893214904,0.020199317668384557
900,0.9,0.033148449159413625,0.009500261893214906,0.020199317668384557
